YEAR,LAT,LON,JAN,FEB,MAR,APR,MAY,JUN,JUL,AUG,SEP,OCT,NOV,DEC,ANN
2021,15.25,-100.25,45.78,22.73,20.06,38.27,54.11,89.21,79.69,87.9,78.63,63.25,32.9,21.91,53.04
2021,15.25,-100.75,45.78,22.73,20.06,38.27,54.11,89.21,79.69,87.9,78.63,63.25,32.9,21.91,53.04
2021,15.25,-101.25,49.82,25.53,19.7,33.8,53.94,88.02,77.75,88,74.77,59.95,30.84,25,52.43
2021,15.25,-101.75,49.82,25.53,19.7,33.8,53.94,88.02,77.75,88,74.77,59.95,30.84,25,52.43
2021,15.25,-102.25,52.68,26.39,19.05,34.7,53.62,85.17,72.86,87.62,74.98,60.2,31.34,27.88,52.38
2021,15.25,-102.75,52.68,26.39,19.05,34.7,53.62,85.17,72.86,87.62,74.98,60.2,31.34,27.88,52.38
2021,15.25,-103.25,54.66,30.98,13.34,32.93,53.99,85.59,70.36,85.45,74.02,65.19,35.74,27.44,52.6
2021,15.25,-103.75,54.66,30.98,13.34,32.93,53.99,85.59,70.36,85.45,74.02,65.19,35.74,27.44,52.6
2021,15.25,-104.25,57.05,32.37,13.92,34.34,54.86,88.62,72.13,85.82,73.65,66.11,38.74,30.96,54.17
2021,15.25,-104.75,57.05,32.37,13.92,34.34,54.86,88.62,72.13,85.82,73.65,66.11,38.74,30.96,54.17
2021,15.25,-105.25,58.07,37.68,14.3,36.89,55.3,88.62,73.12,83.46,71.48,63.51,41.58,33.89,54.91
2021,15.25,-105.75,58.07,37.68,14.3,36.89,55.3,88.62,73.12,83.46,71.48,63.51,41.58,33.89,54.91
2021,15.25,-106.25,58.62,42.3,14.08,38.59,53.34,85.59,70.83,81.33,70.59,62.26,44.26,34.22,54.71
2021,15.25,-106.75,58.62,42.3,14.08,38.59,53.34,85.59,70.83,81.33,70.59,62.26,44.26,34.22,54.71
2021,15.25,-107.25,61.01,47.37,16.55,40.82,52.41,78.84,68.51,77.56,71.3,61.49,48.79,38.43,55.27
2021,15.25,-107.75,61.01,47.37,16.55,40.82,52.41,78.84,68.51,77.56,71.3,61.49,48.79,38.43,55.27
2021,15.25,-108.25,62.9,46.99,20.02,43.66,51.28,77.34,66.47,77.28,71.16,59.41,53.28,39.8,55.81
2021,15.25,-108.75,62.9,46.99,20.02,43.66,51.28,77.34,66.47,77.28,71.16,59.41,53.28,39.8,55.81
2021,15.25,-109.25,67.48,47.72,24.41,46.54,50.88,77.55,64.55,76.5,68.39,57.86,58.05,42.38,56.88
2021,15.25,-109.75,67.48,47.72,24.41,46.54,50.88,77.55,64.55,76.5,68.39,57.86,58.05,42.38,56.88
2021,15.75,-100.25,45.78,22.73,20.06,38.27,54.11,89.21,79.69,87.9,78.63,63.25,32.9,21.91,53.04
2021,15.75,-100.75,45.78,22.73,20.06,38.27,54.11,89.21,79.69,87.9,78.63,63.25,32.9,21.91,53.04
2021,15.75,-101.25,49.82,25.53,19.7,33.8,53.94,88.02,77.75,88,74.77,59.95,30.84,25,52.43
2021,15.75,-101.75,49.82,25.53,19.7,33.8,53.94,88.02,77.75,88,74.77,59.95,30.84,25,52.43
2021,15.75,-102.25,52.68,26.39,19.05,34.7,53.62,85.17,72.86,87.62,74.98,60.2,31.34,27.88,52.38
2021,15.75,-102.75,52.68,26.39,19.05,34.7,53.62,85.17,72.86,87.62,74.98,60.2,31.34,27.88,52.38
2021,15.75,-103.25,54.66,30.98,13.34,32.93,53.99,85.59,70.36,85.45,74.02,65.19,35.74,27.44,52.6
2021,15.75,-103.75,54.66,30.98,13.34,32.93,53.99,85.59,70.36,85.45,74.02,65.19,35.74,27.44,52.6
2021,15.75,-104.25,57.05,32.37,13.92,34.34,54.86,88.62,72.13,85.82,73.65,66.11,38.74,30.96,54.17
2021,15.75,-104.75,57.05,32.37,13.92,34.34,54.86,88.62,72.13,85.82,73.65,66.11,38.74,30.96,54.17
2021,15.75,-105.25,58.07,37.68,14.3,36.89,55.3,88.62,73.12,83.46,71.48,63.51,41.58,33.89,54.91
2021,15.75,-105.75,58.07,37.68,14.3,36.89,55.3,88.62,73.12,83.46,71.48,63.51,41.58,33.89,54.91
2021,15.75,-106.25,58.62,42.3,14.08,38.59,53.34,85.59,70.83,81.33,70.59,62.26,44.26,34.22,54.71
2021,15.75,-106.75,58.62,42.3,14.08,38.59,53.34,85.59,70.83,81.33,70.59,62.26,44.26,34.22,54.71
2021,15.75,-107.25,61.01,47.37,16.55,40.82,52.41,78.84,68.51,77.56,71.3,61.49,48.79,38.43,55.27
2021,15.75,-107.75,61.01,47.37,16.55,40.82,52.41,78.84,68.51,77.56,71.3,61.49,48.79,38.43,55.27
2021,15.75,-108.25,62.9,46.99,20.02,43.66,51.28,77.34,66.47,77.28,71.16,59.41,53.28,39.8,55.81
2021,15.75,-108.75,62.9,46.99,20.02,43.66,51.28,77.34,66.47,77.28,71.16,59.41,53.28,39.8,55.81
2021,15.75,-109.25,67.48,47.72,24.41,46.54,50.88,77.55,64.55,76.5,68.39,57.86,58.05,42.38,56.88
2021,15.75,-109.75,67.48,47.72,24.41,46.54,50.88,77.55,64.55,76.5,68.39,57.86,58.05,42.38,56.88
2021,16.25,-100.25,45.41,18.99,28.5,31.88,55.92,89.88,77.68,84.81,80.25,63.31,30.47,21.7,52.61
2021,16.25,-100.75,45.41,18.99,28.5,31.88,55.92,89.88,77.68,84.81,80.25,63.31,30.47,21.7,52.61
2021,16.25,-101.25,47.27,19.83,21.83,27.3,52.67,89.61,78.7,84.42,76.05,63.91,28.88,23.74,51.4
2021,16.25,-101.75,47.27,19.83,21.83,27.3,52.67,89.61,78.7,84.42,76.05,63.91,28.88,23.74,51.4
2021,16.25,-102.25,48.15,25.25,17.01,27.75,49.17,88.88,75.16,84.84,74.98,62.34,28.62,25.12,50.77
2021,16.25,-102.75,48.15,25.25,17.01,27.75,49.17,88.88,75.16,84.84,74.98,62.34,28.62,25.12,50.77
2021,16.25,-103.25,47.14,30.55,15.34,27.28,48.02,89.18,73.12,83.92,76.27,64.38,30.52,27.38,51.21
2021,16.25,-103.75,47.14,30.55,15.34,27.28,48.02,89.18,73.12,83.92,76.27,64.38,30.52,27.38,51.21
2021,16.25,-104.25,48.84,34.39,15.91,28.21,48.18,89.33,69.11,83.91,75.15,65.17,35.69,29.73,52.05
2021,16.25,-104.75,48.84,34.39,15.91,28.21,48.18,89.33,69.11,83.91,75.15,65.17,35.69,29.73,52.05
2021,16.25,-105.25,50.95,38.25,15.8,31.28,48.62,86.84,65.56,81.76,74.01,61.75,41.15,32.98,52.46
2021,16.25,-105.75,50.95,38.25,15.8,31.28,48.62,86.84,65.56,81.76,74.01,61.75,41.15,32.98,52.46
2021,16.25,-106.25,55.53,43.7,16.5,36.96,48.09,82.84,65.05,81.93,71.91,62.96,44.98,33.83,53.71
2021,16.25,-106.75,55.53,43.7,16.5,36.96,48.09,82.84,65.05,81.93,71.91,62.96,44.98,33.83,53.71
2021,16.25,-107.25,59.62,46.06,17.64,39.98,43.85,77.95,61.98,80.17,71.7,61.77,48.54,39.02,54.03
2021,16.25,-107.75,59.62,46.06,17.64,39.98,43.85,77.95,61.98,80.17,71.7,61.77,48.54,39.02,54.03
2021,16.25,-108.25,64.86,45.37,20.93,42.5,42.08,74.96,60.73,78.62,71.04,58.05,52.47,39.67,54.28
2021,16.25,-108.75,64.86,45.37,20.93,42.5,42.08,74.96,60.73,78.62,71.04,58.05,52.47,39.67,54.28
2021,16.25,-109.25,70.28,49.76,22.37,46.77,41.11,74.48,57.66,76.87,68.77,58.89,57.16,40.84,55.39
2021,16.25,-109.75,70.28,49.76,22.37,46.77,41.11,74.48,57.66,76.87,68.77,58.89,57.16,40.84,55.39
2021,16.75,-100.25,45.41,18.99,28.5,31.88,55.92,89.88,77.68,84.81,80.25,63.31,30.47,21.7,52.61
2021,16.75,-100.75,45.41,18.99,28.5,31.88,55.92,89.88,77.68,84.81,80.25,63.31,30.47,21.7,52.61
2021,16.75,-101.25,47.27,19.83,21.83,27.3,52.67,89.61,78.7,84.42,76.05,63.91,28.88,23.74,51.4
2021,16.75,-101.75,47.27,19.83,21.83,27.3,52.67,89.61,78.7,84.42,76.05,63.91,28.88,23.74,51.4
2021,16.75,-102.25,48.15,25.25,17.01,27.75,49.17,88.88,75.16,84.84,74.98,62.34,28.62,25.12,50.77
2021,16.75,-102.75,48.15,25.25,17.01,27.75,49.17,88.88,75.16,84.84,74.98,62.34,28.62,25.12,50.77
2021,16.75,-103.25,47.14,30.55,15.34,27.28,48.02,89.18,73.12,83.92,76.27,64.38,30.52,27.38,51.21
2021,16.75,-103.75,47.14,30.55,15.34,27.28,48.02,89.18,73.12,83.92,76.27,64.38,30.52,27.38,51.21
2021,16.75,-104.25,48.84,34.39,15.91,28.21,48.18,89.33,69.11,83.91,75.15,65.17,35.69,29.73,52.05
2021,16.75,-104.75,48.84,34.39,15.91,28.21,48.18,89.33,69.11,83.91,75.15,65.17,35.69,29.73,52.05
2021,16.75,-105.25,50.95,38.25,15.8,31.28,48.62,86.84,65.56,81.76,74.01,61.75,41.15,32.98,52.46
2021,16.75,-105.75,50.95,38.25,15.8,31.28,48.62,86.84,65.56,81.76,74.01,61.75,41.15,32.98,52.46
2021,16.75,-106.25,55.53,43.7,16.5,36.96,48.09,82.84,65.05,81.93,71.91,62.96,44.98,33.83,53.71
2021,16.75,-106.75,55.53,43.7,16.5,36.96,48.09,82.84,65.05,81.93,71.91,62.96,44.98,33.83,53.71
2021,16.75,-107.25,59.62,46.06,17.64,39.98,43.85,77.95,61.98,80.17,71.7,61.77,48.54,39.02,54.03
2021,16.75,-107.75,59.62,46.06,17.64,39.98,43.85,77.95,61.98,80.17,71.7,61.77,48.54,39.02,54.03
2021,16.75,-108.25,64.86,45.37,20.93,42.5,42.08,74.96,60.73,78.62,71.04,58.05,52.47,39.67,54.28
2021,16.75,-108.75,64.86,45.37,20.93,42.5,42.08,74.96,60.73,78.62,71.04,58.05,52.47,39.67,54.28
2021,16.75,-109.25,70.28,49.76,22.37,46.77,41.11,74.48,57.66,76.87,68.77,58.89,57.16,40.84,55.39
2021,16.75,-109.75,70.28,49.76,22.37,46.77,41.11,74.48,57.66,76.87,68.77,58.89,57.16,40.84,55.39
2021,17.25,-100.25,43.65,14.92,20.64,22.66,52.75,90.23,78.2,83.54,81.98,65.05,31.23,22.2,50.81
2021,17.25,-100.75,43.65,14.92,20.64,22.66,52.75,90.23,78.2,83.54,81.98,65.05,31.23,22.2,50.81
2021,17.25,-101.25,39.67,12.46,14.38,19.27,45.52,88.76,77.25,82.48,76.71,65.11,30.19,22.9,48.12
2021,17.25,-101.75,39.67,12.46,14.38,19.27,45.52,88.76,77.25,82.48,76.71,65.11,30.19,22.9,48.12
2021,17.25,-102.25,43.97,23.39,20.55,28.52,46.12,87.98,76.3,81.98,80.11,68.34,34.16,31.51,52.09
2021,17.25,-102.75,43.97,23.39,20.55,28.52,46.12,87.98,76.3,81.98,80.11,68.34,34.16,31.51,52.09
2021,17.25,-103.25,42.17,27.05,21.2,27.82,43.49,86.9,73.59,79.77,80.46,68.08,31.3,27.41,50.9
2021,17.25,-103.75,42.17,27.05,21.2,27.82,43.49,86.9,73.59,79.77,80.46,68.08,31.3,27.41,50.9
2021,17.25,-104.25,46,35.91,24.93,28.56,43.86,87.56,72.27,81.09,79.97,68.99,36.36,31.81,53.2
2021,17.25,-104.75,46,35.91,24.93,28.56,43.86,87.56,72.27,81.09,79.97,68.99,36.36,31.81,53.2
2021,17.25,-105.25,52.03,42.06,22.76,33.27,41.23,85.96,67.3,81.76,76.73,67.95,39.34,35.27,53.84
2021,17.25,-105.75,52.03,42.06,22.76,33.27,41.23,85.96,67.3,81.76,76.73,67.95,39.34,35.27,53.84
2021,17.25,-106.25,57.78,42.95,21.18,35.2,36.73,80.49,62.98,81.98,74.41,64.77,42.39,37.45,53.23
2021,17.25,-106.75,57.78,42.95,21.18,35.2,36.73,80.49,62.98,81.98,74.41,64.77,42.39,37.45,53.23
2021,17.25,-107.25,61.02,45.54,19.94,37.95,36.76,72.44,58.17,80.66,73.25,57.36,45.76,40.12,52.41
2021,17.25,-107.75,61.02,45.54,19.94,37.95,36.76,72.44,58.17,80.66,73.25,57.36,45.76,40.12,52.41
2021,17.25,-108.25,65.91,48.16,22.09,42.88,37.45,72.39,53.29,78.73,69.95,59.44,50.82,40.84,53.48
2021,17.25,-108.75,65.91,48.16,22.09,42.88,37.45,72.39,53.29,78.73,69.95,59.44,50.82,40.84,53.48
2021,17.25,-109.25,71.87,49.87,22.96,47.98,39.05,72.49,51.91,77.77,67.67,61.77,56.74,41.29,55.09
2021,17.25,-109.75,71.87,49.87,22.96,47.98,39.05,72.49,51.91,77.77,67.67,61.77,56.74,41.29,55.09
2021,17.75,-100.25,43.65,14.92,20.64,22.66,52.75,90.23,78.2,83.54,81.98,65.05,31.23,22.2,50.81
2021,17.75,-100.75,43.65,14.92,20.64,22.66,52.75,90.23,78.2,83.54,81.98,65.05,31.23,22.2,50.81
2021,17.75,-101.25,39.67,12.46,14.38,19.27,45.52,88.76,77.25,82.48,76.71,65.11,30.19,22.9,48.12
2021,17.75,-101.75,39.67,12.46,14.38,19.27,45.52,88.76,77.25,82.48,76.71,65.11,30.19,22.9,48.12
2021,17.75,-102.25,43.97,23.39,20.55,28.52,46.12,87.98,76.3,81.98,80.11,68.34,34.16,31.51,52.09
2021,17.75,-102.75,43.97,23.39,20.55,28.52,46.12,87.98,76.3,81.98,80.11,68.34,34.16,31.51,52.09
2021,17.75,-103.25,42.17,27.05,21.2,27.82,43.49,86.9,73.59,79.77,80.46,68.08,31.3,27.41,50.9
2021,17.75,-103.75,42.17,27.05,21.2,27.82,43.49,86.9,73.59,79.77,80.46,68.08,31.3,27.41,50.9
2021,17.75,-104.25,46,35.91,24.93,28.56,43.86,87.56,72.27,81.09,79.97,68.99,36.36,31.81,53.2
2021,17.75,-104.75,46,35.91,24.93,28.56,43.86,87.56,72.27,81.09,79.97,68.99,36.36,31.81,53.2
2021,17.75,-105.25,52.03,42.06,22.76,33.27,41.23,85.96,67.3,81.76,76.73,67.95,39.34,35.27,53.84
2021,17.75,-105.75,52.03,42.06,22.76,33.27,41.23,85.96,67.3,81.76,76.73,67.95,39.34,35.27,53.84
2021,17.75,-106.25,57.78,42.95,21.18,35.2,36.73,80.49,62.98,81.98,74.41,64.77,42.39,37.45,53.23
2021,17.75,-106.75,57.78,42.95,21.18,35.2,36.73,80.49,62.98,81.98,74.41,64.77,42.39,37.45,53.23
2021,17.75,-107.25,61.02,45.54,19.94,37.95,36.76,72.44,58.17,80.66,73.25,57.36,45.76,40.12,52.41
2021,17.75,-107.75,61.02,45.54,19.94,37.95,36.76,72.44,58.17,80.66,73.25,57.36,45.76,40.12,52.41
2021,17.75,-108.25,65.91,48.16,22.09,42.88,37.45,72.39,53.29,78.73,69.95,59.44,50.82,40.84,53.48
2021,17.75,-108.75,65.91,48.16,22.09,42.88,37.45,72.39,53.29,78.73,69.95,59.44,50.82,40.84,53.48
2021,17.75,-109.25,71.87,49.87,22.96,47.98,39.05,72.49,51.91,77.77,67.67,61.77,56.74,41.29,55.09
2021,17.75,-109.75,71.87,49.87,22.96,47.98,39.05,72.49,51.91,77.77,67.67,61.77,56.74,41.29,55.09
2021,18.25,-100.25,39.36,9.45,15.68,24.22,46.26,88.2,74.76,77.41,79.16,64.27,28.09,17.24,47.23
2021,18.25,-100.75,39.36,9.45,15.68,24.22,46.26,88.2,74.76,77.41,79.16,64.27,28.09,17.24,47.23
2021,18.25,-101.25,34.98,7.93,10.81,16.6,38.91,85.7,75.36,77.03,74.7,59.82,23.91,16.42,43.73
2021,18.25,-101.75,34.98,7.93,10.81,16.6,38.91,85.7,75.36,77.03,74.7,59.82,23.91,16.42,43.73
2021,18.25,-102.25,34.03,5.44,10.38,17.48,38.02,88.55,76.66,79.17,74.93,59.59,25.36,20.3,44.4
2021,18.25,-102.75,34.03,5.44,10.38,17.48,38.02,88.55,76.66,79.17,74.93,59.59,25.36,20.3,44.4
2021,18.25,-103.25,34.2,12.44,12.97,17.84,35.83,86.41,76.99,78.55,74.58,61.17,26.48,22.33,45.18
2021,18.25,-103.75,34.2,12.44,12.97,17.84,35.83,86.41,76.99,78.55,74.58,61.17,26.48,22.33,45.18
2021,18.25,-104.25,46.19,29.82,25.5,33.38,44.04,86.75,73.27,80.3,79.74,71.2,38.8,34.24,53.73
2021,18.25,-104.75,46.19,29.82,25.5,33.38,44.04,86.75,73.27,80.3,79.74,71.2,38.8,34.24,53.73
2021,18.25,-105.25,49.27,37.39,26.48,35.77,37.87,82.66,69.31,82.89,77.73,69.9,38.15,35.9,53.69
2021,18.25,-105.75,49.27,37.39,26.48,35.77,37.87,82.66,69.31,82.89,77.73,69.9,38.15,35.9,53.69
2021,18.25,-106.25,54.43,45.05,24.24,35.95,33.99,78.31,61.39,83.04,73.7,63.89,42.06,38.59,52.9
2021,18.25,-106.75,54.43,45.05,24.24,35.95,33.99,78.31,61.39,83.04,73.7,63.89,42.06,38.59,52.9
2021,18.25,-107.25,60.3,48.67,20.94,37.08,35.65,72.4,58.3,81.14,66.5,54.95,46.45,40.87,51.92
2021,18.25,-107.75,60.3,48.67,20.94,37.08,35.65,72.4,58.3,81.14,66.5,54.95,46.45,40.87,51.92
2021,18.25,-108.25,65.51,50.67,22.92,42.61,37.16,68.84,54.53,80.32,63.56,53.95,49.34,43.64,52.73
2021,18.25,-108.75,65.51,50.67,22.92,42.61,37.16,68.84,54.53,80.32,63.56,53.95,49.34,43.64,52.73
2021,18.25,-109.25,71.59,53.22,24.44,46.95,40.41,69.98,52.07,76.22,61.39,57.79,51.3,45.95,54.25
2021,18.25,-109.75,71.59,53.22,24.44,46.95,40.41,69.98,52.07,76.22,61.39,57.79,51.3,45.95,54.25
2021,18.75,-100.25,39.36,9.45,15.68,24.22,46.26,88.2,74.76,77.41,79.16,64.27,28.09,17.24,47.23
2021,18.75,-100.75,39.36,9.45,15.68,24.22,46.26,88.2,74.76,77.41,79.16,64.27,28.09,17.24,47.23
2021,18.75,-101.25,34.98,7.93,10.81,16.6,38.91,85.7,75.36,77.03,74.7,59.82,23.91,16.42,43.73
2021,18.75,-101.75,34.98,7.93,10.81,16.6,38.91,85.7,75.36,77.03,74.7,59.82,23.91,16.42,43.73
2021,18.75,-102.25,34.03,5.44,10.38,17.48,38.02,88.55,76.66,79.17,74.93,59.59,25.36,20.3,44.4
2021,18.75,-102.75,34.03,5.44,10.38,17.48,38.02,88.55,76.66,79.17,74.93,59.59,25.36,20.3,44.4
2021,18.75,-103.25,34.2,12.44,12.97,17.84,35.83,86.41,76.99,78.55,74.58,61.17,26.48,22.33,45.18
2021,18.75,-103.75,34.2,12.44,12.97,17.84,35.83,86.41,76.99,78.55,74.58,61.17,26.48,22.33,45.18
2021,18.75,-104.25,46.19,29.82,25.5,33.38,44.04,86.75,73.27,80.3,79.74,71.2,38.8,34.24,53.73
2021,18.75,-104.75,46.19,29.82,25.5,33.38,44.04,86.75,73.27,80.3,79.74,71.2,38.8,34.24,53.73
2021,18.75,-105.25,49.27,37.39,26.48,35.77,37.87,82.66,69.31,82.89,77.73,69.9,38.15,35.9,53.69
2021,18.75,-105.75,49.27,37.39,26.48,35.77,37.87,82.66,69.31,82.89,77.73,69.9,38.15,35.9,53.69
2021,18.75,-106.25,54.43,45.05,24.24,35.95,33.99,78.31,61.39,83.04,73.7,63.89,42.06,38.59,52.9
2021,18.75,-106.75,54.43,45.05,24.24,35.95,33.99,78.31,61.39,83.04,73.7,63.89,42.06,38.59,52.9
2021,18.75,-107.25,60.3,48.67,20.94,37.08,35.65,72.4,58.3,81.14,66.5,54.95,46.45,40.87,51.92
2021,18.75,-107.75,60.3,48.67,20.94,37.08,35.65,72.4,58.3,81.14,66.5,54.95,46.45,40.87,51.92
2021,18.75,-108.25,65.51,50.67,22.92,42.61,37.16,68.84,54.53,80.32,63.56,53.95,49.34,43.64,52.73
2021,18.75,-108.75,65.51,50.67,22.92,42.61,37.16,68.84,54.53,80.32,63.56,53.95,49.34,43.64,52.73
2021,18.75,-109.25,71.59,53.22,24.44,46.95,40.41,69.98,52.07,76.22,61.39,57.79,51.3,45.95,54.25
2021,18.75,-109.75,71.59,53.22,24.44,46.95,40.41,69.98,52.07,76.22,61.39,57.79,51.3,45.95,54.25
2021,19.25,-100.25,43.87,10.32,20.73,31.12,48.34,90.08,80.79,80.26,80.95,63.69,32.84,19.96,50.48
2021,19.25,-100.75,43.87,10.32,20.73,31.12,48.34,90.08,80.79,80.26,80.95,63.69,32.84,19.96,50.48
2021,19.25,-101.25,38.83,6.08,15.22,24.57,45.14,87.43,82.65,81.38,78.44,63.91,28.44,19.35,47.88
2021,19.25,-101.75,38.83,6.08,15.22,24.57,45.14,87.43,82.65,81.38,78.44,63.91,28.44,19.35,47.88
2021,19.25,-102.25,38.73,6.87,13.43,23.34,39.48,84.83,82.55,81.52,77.59,61.8,29.14,22.98,47.11
2021,19.25,-102.75,38.73,6.87,13.43,23.34,39.48,84.83,82.55,81.52,77.59,61.8,29.14,22.98,47.11
2021,19.25,-103.25,37.73,9.77,12.3,20.27,31.52,84.7,79.44,81.84,79.72,64.84,29.34,23.09,46.43
2021,19.25,-103.75,37.73,9.77,12.3,20.27,31.52,84.7,79.44,81.84,79.72,64.84,29.34,23.09,46.43
2021,19.25,-104.25,39.81,18.12,13,22.16,33.34,84.37,77.27,83.53,77.92,65.28,34.24,31.18,48.53
2021,19.25,-104.75,39.81,18.12,13,22.16,33.34,84.37,77.27,83.53,77.92,65.28,34.24,31.18,48.53
2021,19.25,-105.25,48.01,33.05,26.15,38.77,35.62,80.59,73.06,85.01,76.88,65.45,38.31,34.3,53.03
2021,19.25,-105.75,48.01,33.05,26.15,38.77,35.62,80.59,73.06,85.01,76.88,65.45,38.31,34.3,53.03
2021,19.25,-106.25,51.41,40.05,21.58,38.28,31.38,74.27,64.73,83.59,71.01,61.28,40.2,35.07,51.11
2021,19.25,-106.75,51.41,40.05,21.58,38.28,31.38,74.27,64.73,83.59,71.01,61.28,40.2,35.07,51.11
2021,19.25,-107.25,56.14,45.59,22.35,39.42,33.23,69.71,56.64,80.59,60.52,52.14,42.23,39.52,49.84
2021,19.25,-107.75,56.14,45.59,22.35,39.42,33.23,69.71,56.64,80.59,60.52,52.14,42.23,39.52,49.84
2021,19.25,-108.25,61.92,50.94,26.05,42.87,40.08,68.15,50.02,80.11,59.09,46.84,42.98,44.38,51.09
2021,19.25,-108.75,61.92,50.94,26.05,42.87,40.08,68.15,50.02,80.11,59.09,46.84,42.98,44.38,51.09
2021,19.25,-109.25,69.41,54.37,29.87,44.69,39.71,66.11,48.51,75.9,55.45,50.01,44.41,49,52.27
2021,19.25,-109.75,69.41,54.37,29.87,44.69,39.71,66.11,48.51,75.9,55.45,50.01,44.41,49,52.27
2021,19.75,-100.25,43.87,10.32,20.73,31.12,48.34,90.08,80.79,80.26,80.95,63.69,32.84,19.96,50.48
2021,19.75,-100.75,43.87,10.32,20.73,31.12,48.34,90.08,80.79,80.26,80.95,63.69,32.84,19.96,50.48
2021,19.75,-101.25,38.83,6.08,15.22,24.57,45.14,87.43,82.65,81.38,78.44,63.91,28.44,19.35,47.88
2021,19.75,-101.75,38.83,6.08,15.22,24.57,45.14,87.43,82.65,81.38,78.44,63.91,28.44,19.35,47.88
2021,19.75,-102.25,38.73,6.87,13.43,23.34,39.48,84.83,82.55,81.52,77.59,61.8,29.14,22.98,47.11
2021,19.75,-102.75,38.73,6.87,13.43,23.34,39.48,84.83,82.55,81.52,77.59,61.8,29.14,22.98,47.11
2021,19.75,-103.25,37.73,9.77,12.3,20.27,31.52,84.7,79.44,81.84,79.72,64.84,29.34,23.09,46.43
2021,19.75,-103.75,37.73,9.77,12.3,20.27,31.52,84.7,79.44,81.84,79.72,64.84,29.34,23.09,46.43
2021,19.75,-104.25,39.81,18.12,13,22.16,33.34,84.37,77.27,83.53,77.92,65.28,34.24,31.18,48.53
2021,19.75,-104.75,39.81,18.12,13,22.16,33.34,84.37,77.27,83.53,77.92,65.28,34.24,31.18,48.53
2021,19.75,-105.25,48.01,33.05,26.15,38.77,35.62,80.59,73.06,85.01,76.88,65.45,38.31,34.3,53.03
2021,19.75,-105.75,48.01,33.05,26.15,38.77,35.62,80.59,73.06,85.01,76.88,65.45,38.31,34.3,53.03
2021,19.75,-106.25,51.41,40.05,21.58,38.28,31.38,74.27,64.73,83.59,71.01,61.28,40.2,35.07,51.11
2021,19.75,-106.75,51.41,40.05,21.58,38.28,31.38,74.27,64.73,83.59,71.01,61.28,40.2,35.07,51.11
2021,19.75,-107.25,56.14,45.59,22.35,39.42,33.23,69.71,56.64,80.59,60.52,52.14,42.23,39.52,49.84
2021,19.75,-107.75,56.14,45.59,22.35,39.42,33.23,69.71,56.64,80.59,60.52,52.14,42.23,39.52,49.84
2021,19.75,-108.25,61.92,50.94,26.05,42.87,40.08,68.15,50.02,80.11,59.09,46.84,42.98,44.38,51.09
2021,19.75,-108.75,61.92,50.94,26.05,42.87,40.08,68.15,50.02,80.11,59.09,46.84,42.98,44.38,51.09
2021,19.75,-109.25,69.41,54.37,29.87,44.69,39.71,66.11,48.51,75.9,55.45,50.01,44.41,49,52.27
2021,19.75,-109.75,69.41,54.37,29.87,44.69,39.71,66.11,48.51,75.9,55.45,50.01,44.41,49,52.27
2021,20.25,-100.25,40.46,8.5,16.41,30.67,43,81.34,73.61,66.21,77.93,52.77,26.34,15.8,44.61
2021,20.25,-100.75,40.46,8.5,16.41,30.67,43,81.34,73.61,66.21,77.93,52.77,26.34,15.8,44.61
2021,20.25,-101.25,36.68,5.5,13.99,28.34,39.25,79.8,77.22,69.5,77.52,56.16,22.34,17.56,43.88
2021,20.25,-101.75,36.68,5.5,13.99,28.34,39.25,79.8,77.22,69.5,77.52,56.16,22.34,17.56,43.88
2021,20.25,-102.25,36.81,7.77,15.42,26.64,36.2,79.46,81.45,74.49,76.73,60.21,23.12,20.02,45.09
2021,20.25,-102.75,36.81,7.77,15.42,26.64,36.2,79.46,81.45,74.49,76.73,60.21,23.12,20.02,45.09
2021,20.25,-103.25,37.27,10.41,15.7,23.35,29.21,78.6,82.39,80.03,78.92,60.66,23.64,21.25,45.34
2021,20.25,-103.75,37.27,10.41,15.7,23.35,29.21,78.6,82.39,80.03,78.92,60.66,23.64,21.25,45.34
2021,20.25,-104.25,37.62,16.84,15.09,21.16,29.01,79.91,82.23,82.2,78.75,62.84,30.43,24.84,46.92
2021,20.25,-104.75,37.62,16.84,15.09,21.16,29.01,79.91,82.23,82.2,78.75,62.84,30.43,24.84,46.92
2021,20.25,-105.25,47.18,43.09,30.29,41.63,34.46,80.46,77.63,86.43,80.08,66.21,40.79,37.31,55.51
2021,20.25,-105.75,47.18,43.09,30.29,41.63,34.46,80.46,77.63,86.43,80.08,66.21,40.79,37.31,55.51
2021,20.25,-106.25,48.95,36.25,24.26,37.12,26.41,72.02,66.59,84.55,71.94,57.72,36.55,38.58,50.14
2021,20.25,-106.75,48.95,36.25,24.26,37.12,26.41,72.02,66.59,84.55,71.94,57.72,36.55,38.58,50.14
2021,20.25,-107.25,50.91,41.36,26.83,37.99,29.02,68.31,52.98,81.87,63.7,47.4,38.59,41.27,48.37
2021,20.25,-107.75,50.91,41.36,26.83,37.99,29.02,68.31,52.98,81.87,63.7,47.4,38.59,41.27,48.37
2021,20.25,-108.25,56.39,47.79,30.85,41.9,38.34,63.46,47.67,80.65,57.85,44.7,41.77,43.55,49.57
2021,20.25,-108.75,56.39,47.79,30.85,41.9,38.34,63.46,47.67,80.65,57.85,44.7,41.77,43.55,49.57
2021,20.25,-109.25,57.91,55.27,35.28,43.06,38.32,59.17,48.24,75.2,52.42,47.81,43.16,50.23,50.48
2021,20.25,-109.75,57.91,55.27,35.28,43.06,38.32,59.17,48.24,75.2,52.42,47.81,43.16,50.23,50.48
2021,20.75,-100.25,40.46,8.5,16.41,30.67,43,81.34,73.61,66.21,77.93,52.77,26.34,15.8,44.61
2021,20.75,-100.75,40.46,8.5,16.41,30.67,43,81.34,73.61,66.21,77.93,52.77,26.34,15.8,44.61
2021,20.75,-101.25,36.68,5.5,13.99,28.34,39.25,79.8,77.22,69.5,77.52,56.16,22.34,17.56,43.88
2021,20.75,-101.75,36.68,5.5,13.99,28.34,39.25,79.8,77.22,69.5,77.52,56.16,22.34,17.56,43.88
2021,20.75,-102.25,36.81,7.77,15.42,26.64,36.2,79.46,81.45,74.49,76.73,60.21,23.12,20.02,45.09
2021,20.75,-102.75,36.81,7.77,15.42,26.64,36.2,79.46,81.45,74.49,76.73,60.21,23.12,20.02,45.09
2021,20.75,-103.25,37.27,10.41,15.7,23.35,29.21,78.6,82.39,80.03,78.92,60.66,23.64,21.25,45.34
2021,20.75,-103.75,37.27,10.41,15.7,23.35,29.21,78.6,82.39,80.03,78.92,60.66,23.64,21.25,45.34
2021,20.75,-104.25,37.62,16.84,15.09,21.16,29.01,79.91,82.23,82.2,78.75,62.84,30.43,24.84,46.92
2021,20.75,-104.75,37.62,16.84,15.09,21.16,29.01,79.91,82.23,82.2,78.75,62.84,30.43,24.84,46.92
2021,20.75,-105.25,47.18,43.09,30.29,41.63,34.46,80.46,77.63,86.43,80.08,66.21,40.79,37.31,55.51
2021,20.75,-105.75,47.18,43.09,30.29,41.63,34.46,80.46,77.63,86.43,80.08,66.21,40.79,37.31,55.51
2021,20.75,-106.25,48.95,36.25,24.26,37.12,26.41,72.02,66.59,84.55,71.94,57.72,36.55,38.58,50.14
2021,20.75,-106.75,48.95,36.25,24.26,37.12,26.41,72.02,66.59,84.55,71.94,57.72,36.55,38.58,50.14
2021,20.75,-107.25,50.91,41.36,26.83,37.99,29.02,68.31,52.98,81.87,63.7,47.4,38.59,41.27,48.37
2021,20.75,-107.75,50.91,41.36,26.83,37.99,29.02,68.31,52.98,81.87,63.7,47.4,38.59,41.27,48.37
2021,20.75,-108.25,56.39,47.79,30.85,41.9,38.34,63.46,47.67,80.65,57.85,44.7,41.77,43.55,49.57
2021,20.75,-108.75,56.39,47.79,30.85,41.9,38.34,63.46,47.67,80.65,57.85,44.7,41.77,43.55,49.57
2021,20.75,-109.25,57.91,55.27,35.28,43.06,38.32,59.17,48.24,75.2,52.42,47.81,43.16,50.23,50.48
2021,20.75,-109.75,57.91,55.27,35.28,43.06,38.32,59.17,48.24,75.2,52.42,47.81,43.16,50.23,50.48
2021,21.25,-100.25,42.32,14.62,26.22,37.75,44.24,75.37,67,55.89,74.92,51.48,36.75,20.19,45.7
2021,21.25,-100.75,42.32,14.62,26.22,37.75,44.24,75.37,67,55.89,74.92,51.48,36.75,20.19,45.7
2021,21.25,-101.25,35.66,12.21,20.45,31.84,38.98,72.73,72.98,59.62,75.95,53.31,27.77,19.18,43.55
2021,21.25,-101.75,35.66,12.21,20.45,31.84,38.98,72.73,72.98,59.62,75.95,53.31,27.77,19.18,43.55
2021,21.25,-102.25,34.78,12.98,17.68,26.66,34.7,72.46,79.73,65.15,77.01,53.73,23.66,21.14,43.48
2021,21.25,-102.75,34.78,12.98,17.68,26.66,34.7,72.46,79.73,65.15,77.01,53.73,23.66,21.14,43.48
2021,21.25,-103.25,33.91,12.8,17.23,24.22,28.59,73.62,83.28,71.82,77.73,52.92,24.41,21.21,43.66
2021,21.25,-103.75,33.91,12.8,17.23,24.22,28.59,73.62,83.28,71.82,77.73,52.92,24.41,21.21,43.66
2021,21.25,-104.25,38.06,20.62,19.55,24.77,25.83,75.8,81.12,80.3,79.27,56.23,31.12,28.2,46.89
2021,21.25,-104.75,38.06,20.62,19.55,24.77,25.83,75.8,81.12,80.3,79.27,56.23,31.12,28.2,46.89
2021,21.25,-105.25,49.52,44.07,35.68,40.3,32.05,75.8,74.92,83.95,76.48,58.72,39.22,39.39,54.22
2021,21.25,-105.75,49.52,44.07,35.68,40.3,32.05,75.8,74.92,83.95,76.48,58.72,39.22,39.39,54.22
2021,21.25,-106.25,42.8,32.63,26.74,33.58,21.86,68.05,62.7,83.34,68.3,47.04,36.56,36.56,46.74
2021,21.25,-106.75,42.8,32.63,26.74,33.58,21.86,68.05,62.7,83.34,68.3,47.04,36.56,36.56,46.74
2021,21.25,-107.25,45.92,40.92,31.93,35.67,24.35,61.62,52.77,83.8,60.41,42.2,37.28,40.55,46.48
2021,21.25,-107.75,45.92,40.92,31.93,35.67,24.35,61.62,52.77,83.8,60.41,42.2,37.28,40.55,46.48
2021,21.25,-108.25,48.26,46.17,36.24,39.28,26.12,55.92,49.73,81.2,53.99,41.77,40.68,44.23,46.97
2021,21.25,-108.75,48.26,46.17,36.24,39.28,26.12,55.92,49.73,81.2,53.99,41.77,40.68,44.23,46.97
2021,21.25,-109.25,49.09,52.85,41.05,41.13,30.38,50.66,50.6,75.41,51.32,44.62,43.66,49.27,48.32
2021,21.25,-109.75,49.09,52.85,41.05,41.13,30.38,50.66,50.6,75.41,51.32,44.62,43.66,49.27,48.32
2021,21.75,-100.25,42.32,14.62,26.22,37.75,44.24,75.37,67,55.89,74.92,51.48,36.75,20.19,45.7
2021,21.75,-100.75,42.32,14.62,26.22,37.75,44.24,75.37,67,55.89,74.92,51.48,36.75,20.19,45.7
2021,21.75,-101.25,35.66,12.21,20.45,31.84,38.98,72.73,72.98,59.62,75.95,53.31,27.77,19.18,43.55
2021,21.75,-101.75,35.66,12.21,20.45,31.84,38.98,72.73,72.98,59.62,75.95,53.31,27.77,19.18,43.55
2021,21.75,-102.25,34.78,12.98,17.68,26.66,34.7,72.46,79.73,65.15,77.01,53.73,23.66,21.14,43.48
2021,21.75,-102.75,34.78,12.98,17.68,26.66,34.7,72.46,79.73,65.15,77.01,53.73,23.66,21.14,43.48
2021,21.75,-103.25,33.91,12.8,17.23,24.22,28.59,73.62,83.28,71.82,77.73,52.92,24.41,21.21,43.66
2021,21.75,-103.75,33.91,12.8,17.23,24.22,28.59,73.62,83.28,71.82,77.73,52.92,24.41,21.21,43.66
2021,21.75,-104.25,38.06,20.62,19.55,24.77,25.83,75.8,81.12,80.3,79.27,56.23,31.12,28.2,46.89
2021,21.75,-104.75,38.06,20.62,19.55,24.77,25.83,75.8,81.12,80.3,79.27,56.23,31.12,28.2,46.89
2021,21.75,-105.25,49.52,44.07,35.68,40.3,32.05,75.8,74.92,83.95,76.48,58.72,39.22,39.39,54.22
2021,21.75,-105.75,49.52,44.07,35.68,40.3,32.05,75.8,74.92,83.95,76.48,58.72,39.22,39.39,54.22
2021,21.75,-106.25,42.8,32.63,26.74,33.58,21.86,68.05,62.7,83.34,68.3,47.04,36.56,36.56,46.74
2021,21.75,-106.75,42.8,32.63,26.74,33.58,21.86,68.05,62.7,83.34,68.3,47.04,36.56,36.56,46.74
2021,21.75,-107.25,45.92,40.92,31.93,35.67,24.35,61.62,52.77,83.8,60.41,42.2,37.28,40.55,46.48
2021,21.75,-107.75,45.92,40.92,31.93,35.67,24.35,61.62,52.77,83.8,60.41,42.2,37.28,40.55,46.48
2021,21.75,-108.25,48.26,46.17,36.24,39.28,26.12,55.92,49.73,81.2,53.99,41.77,40.68,44.23,46.97
2021,21.75,-108.75,48.26,46.17,36.24,39.28,26.12,55.92,49.73,81.2,53.99,41.77,40.68,44.23,46.97
2021,21.75,-109.25,49.09,52.85,41.05,41.13,30.38,50.66,50.6,75.41,51.32,44.62,43.66,49.27,48.32
2021,21.75,-109.75,49.09,52.85,41.05,41.13,30.38,50.66,50.6,75.41,51.32,44.62,43.66,49.27,48.32
2021,22.25,-100.25,49.39,22.46,38.81,42.44,45.5,66.57,61.77,48.95,67.12,51.36,41.94,28.48,47.19
2021,22.25,-100.75,49.39,22.46,38.81,42.44,45.5,66.57,61.77,48.95,67.12,51.36,41.94,28.48,47.19
2021,22.25,-101.25,40.13,19.27,28.78,32.55,37.44,62.6,64.78,48.79,68.02,45.5,27.66,25.41,41.87
2021,22.25,-101.75,40.13,19.27,28.78,32.55,37.44,62.6,64.78,48.79,68.02,45.5,27.66,25.41,41.87
2021,22.25,-102.25,33.27,16.78,24.39,28.83,35.31,64.27,72.97,56.87,73.27,48.41,28.98,21.79,42.23
2021,22.25,-102.75,33.27,16.78,24.39,28.83,35.31,64.27,72.97,56.87,73.27,48.41,28.98,21.79,42.23
2021,22.25,-103.25,33.15,15.6,21.95,27.42,29.48,67.79,80.74,66.08,77.44,47.79,32.13,23.45,43.73
2021,22.25,-103.75,33.15,15.6,21.95,27.42,29.48,67.79,80.74,66.08,77.44,47.79,32.13,23.45,43.73
2021,22.25,-104.25,35.75,19.41,22.12,25.43,23.88,71.48,80.22,76.34,75.93,45.27,32.23,28.75,44.87
2021,22.25,-104.75,35.75,19.41,22.12,25.43,23.88,71.48,80.22,76.34,75.93,45.27,32.23,28.75,44.87
2021,22.25,-105.25,38.7,26.68,25.27,26.17,17.63,65.77,70.76,75.33,67.78,42.49,30.93,33.06,43.48
2021,22.25,-105.75,38.7,26.68,25.27,26.17,17.63,65.77,70.76,75.33,67.78,42.49,30.93,33.06,43.48
2021,22.25,-106.25,42.27,35.51,37.05,35.2,23.94,65.77,63.9,80.69,67.71,48.48,39.24,42.09,48.55
2021,22.25,-106.75,42.27,35.51,37.05,35.2,23.94,65.77,63.9,80.69,67.71,48.48,39.24,42.09,48.55
2021,22.25,-107.25,41.98,36.74,37.08,35.91,22.38,55.23,55.06,82.31,54.16,41.63,36.63,44.14,45.34
2021,22.25,-107.75,41.98,36.74,37.08,35.91,22.38,55.23,55.06,82.31,54.16,41.63,36.63,44.14,45.34
2021,22.25,-108.25,43.91,36.32,39.12,37.85,19.32,47.6,48.45,76.25,46.41,37.91,39.59,46.16,43.3
2021,22.25,-108.75,43.91,36.32,39.12,37.85,19.32,47.6,48.45,76.25,46.41,37.91,39.59,46.16,43.3
2021,22.25,-109.25,40.16,35.39,40,35.68,20.73,39.97,41.58,68.07,37.45,33.67,40.75,47.48,40.13
2021,22.25,-109.75,40.16,35.39,40,35.68,20.73,39.97,41.58,68.07,37.45,33.67,40.75,47.48,40.13
2021,22.75,-100.25,49.39,22.46,38.81,42.44,45.5,66.57,61.77,48.95,67.12,51.36,41.94,28.48,47.19
2021,22.75,-100.75,49.39,22.46,38.81,42.44,45.5,66.57,61.77,48.95,67.12,51.36,41.94,28.48,47.19
2021,22.75,-101.25,40.13,19.27,28.78,32.55,37.44,62.6,64.78,48.79,68.02,45.5,27.66,25.41,41.87
2021,22.75,-101.75,40.13,19.27,28.78,32.55,37.44,62.6,64.78,48.79,68.02,45.5,27.66,25.41,41.87
2021,22.75,-102.25,33.27,16.78,24.39,28.83,35.31,64.27,72.97,56.87,73.27,48.41,28.98,21.79,42.23
2021,22.75,-102.75,33.27,16.78,24.39,28.83,35.31,64.27,72.97,56.87,73.27,48.41,28.98,21.79,42.23
2021,22.75,-103.25,33.15,15.6,21.95,27.42,29.48,67.79,80.74,66.08,77.44,47.79,32.13,23.45,43.73
2021,22.75,-103.75,33.15,15.6,21.95,27.42,29.48,67.79,80.74,66.08,77.44,47.79,32.13,23.45,43.73
2021,22.75,-104.25,35.75,19.41,22.12,25.43,23.88,71.48,80.22,76.34,75.93,45.27,32.23,28.75,44.87
2021,22.75,-104.75,35.75,19.41,22.12,25.43,23.88,71.48,80.22,76.34,75.93,45.27,32.23,28.75,44.87
2021,22.75,-105.25,38.7,26.68,25.27,26.17,17.63,65.77,70.76,75.33,67.78,42.49,30.93,33.06,43.48
2021,22.75,-105.75,38.7,26.68,25.27,26.17,17.63,65.77,70.76,75.33,67.78,42.49,30.93,33.06,43.48
2021,22.75,-106.25,42.27,35.51,37.05,35.2,23.94,65.77,63.9,80.69,67.71,48.48,39.24,42.09,48.55
2021,22.75,-106.75,42.27,35.51,37.05,35.2,23.94,65.77,63.9,80.69,67.71,48.48,39.24,42.09,48.55
2021,22.75,-107.25,41.98,36.74,37.08,35.91,22.38,55.23,55.06,82.31,54.16,41.63,36.63,44.14,45.34
2021,22.75,-107.75,41.98,36.74,37.08,35.91,22.38,55.23,55.06,82.31,54.16,41.63,36.63,44.14,45.34
2021,22.75,-108.25,43.91,36.32,39.12,37.85,19.32,47.6,48.45,76.25,46.41,37.91,39.59,46.16,43.3
2021,22.75,-108.75,43.91,36.32,39.12,37.85,19.32,47.6,48.45,76.25,46.41,37.91,39.59,46.16,43.3
2021,22.75,-109.25,40.16,35.39,40,35.68,20.73,39.97,41.58,68.07,37.45,33.67,40.75,47.48,40.13
2021,22.75,-109.75,40.16,35.39,40,35.68,20.73,39.97,41.58,68.07,37.45,33.67,40.75,47.48,40.13
2021,23.25,-100.25,46.45,23.78,38.74,38.3,45.96,61.21,59.25,46.3,62.37,47.62,37.53,27.29,44.68
2021,23.25,-100.75,46.45,23.78,38.74,38.3,45.96,61.21,59.25,46.3,62.37,47.62,37.53,27.29,44.68
2021,23.25,-101.25,40.48,21.41,32.62,33.33,40.17,56.56,61.55,47.74,61.63,44.09,27.51,28.44,41.42
2021,23.25,-101.75,40.48,21.41,32.62,33.33,40.17,56.56,61.55,47.74,61.63,44.09,27.51,28.44,41.42
2021,23.25,-102.25,40.62,22.45,34.05,35.24,36.73,60.39,67.87,54.67,67.55,44.27,31.49,30.26,43.92
2021,23.25,-102.75,40.62,22.45,34.05,35.24,36.73,60.39,67.87,54.67,67.55,44.27,31.49,30.26,43.92
2021,23.25,-103.25,34.47,22.94,31.31,34.8,33.55,60.7,73.28,59.59,71.84,42.98,32.54,28.3,43.96
2021,23.25,-103.75,34.47,22.94,31.31,34.8,33.55,60.7,73.28,59.59,71.84,42.98,32.54,28.3,43.96
2021,23.25,-104.25,32.64,21.26,29.76,29.96,25.58,65.59,80.83,74.28,74.15,39.82,30.8,30.01,44.69
2021,23.25,-104.75,32.64,21.26,29.76,29.96,25.58,65.59,80.83,74.28,74.15,39.82,30.8,30.01,44.69
2021,23.25,-105.25,37.93,30.41,33.39,30.64,22.41,68.65,78.16,79.45,73,38.38,34.88,36.66,47.08
2021,23.25,-105.75,37.93,30.41,33.39,30.64,22.41,68.65,78.16,79.45,73,38.38,34.88,36.66,47.08
2021,23.25,-106.25,39.12,30.66,32.73,28.02,17.12,57.31,65.45,75.7,62.28,32.76,30.77,36.3,42.42
2021,23.25,-106.75,39.12,30.66,32.73,28.02,17.12,57.31,65.45,75.7,62.28,32.76,30.77,36.3,42.42
2021,23.25,-107.25,39.3,38.08,42.93,36.23,22.7,52.36,54.78,79.86,58.3,35.52,37.45,44.3,45.2
2021,23.25,-107.75,39.3,38.08,42.93,36.23,22.7,52.36,54.78,79.86,58.3,35.52,37.45,44.3,45.2
2021,23.25,-108.25,37.59,33.81,41.3,36.73,21.75,42.15,48.3,73.91,50.92,34.74,38.52,44.86,42.12
2021,23.25,-108.75,37.59,33.81,41.3,36.73,21.75,42.15,48.3,73.91,50.92,34.74,38.52,44.86,42.12
2021,23.25,-109.25,35.19,27.41,33.6,29.13,19.02,30.21,38.48,62.98,38,27.75,37.39,41.43,35.13
2021,23.25,-109.75,35.19,27.41,33.6,29.13,19.02,30.21,38.48,62.98,38,27.75,37.39,41.43,35.13
2021,23.75,-100.25,46.45,23.78,38.74,38.3,45.96,61.21,59.25,46.3,62.37,47.62,37.53,27.29,44.68
2021,23.75,-100.75,46.45,23.78,38.74,38.3,45.96,61.21,59.25,46.3,62.37,47.62,37.53,27.29,44.68
2021,23.75,-101.25,40.48,21.41,32.62,33.33,40.17,56.56,61.55,47.74,61.63,44.09,27.51,28.44,41.42
2021,23.75,-101.75,40.48,21.41,32.62,33.33,40.17,56.56,61.55,47.74,61.63,44.09,27.51,28.44,41.42
2021,23.75,-102.25,40.62,22.45,34.05,35.24,36.73,60.39,67.87,54.67,67.55,44.27,31.49,30.26,43.92
2021,23.75,-102.75,40.62,22.45,34.05,35.24,36.73,60.39,67.87,54.67,67.55,44.27,31.49,30.26,43.92
2021,23.75,-103.25,34.47,22.94,31.31,34.8,33.55,60.7,73.28,59.59,71.84,42.98,32.54,28.3,43.96
2021,23.75,-103.75,34.47,22.94,31.31,34.8,33.55,60.7,73.28,59.59,71.84,42.98,32.54,28.3,43.96
2021,23.75,-104.25,32.64,21.26,29.76,29.96,25.58,65.59,80.83,74.28,74.15,39.82,30.8,30.01,44.69
2021,23.75,-104.75,32.64,21.26,29.76,29.96,25.58,65.59,80.83,74.28,74.15,39.82,30.8,30.01,44.69
2021,23.75,-105.25,37.93,30.41,33.39,30.64,22.41,68.65,78.16,79.45,73,38.38,34.88,36.66,47.08
2021,23.75,-105.75,37.93,30.41,33.39,30.64,22.41,68.65,78.16,79.45,73,38.38,34.88,36.66,47.08
2021,23.75,-106.25,39.12,30.66,32.73,28.02,17.12,57.31,65.45,75.7,62.28,32.76,30.77,36.3,42.42
2021,23.75,-106.75,39.12,30.66,32.73,28.02,17.12,57.31,65.45,75.7,62.28,32.76,30.77,36.3,42.42
2021,23.75,-107.25,39.3,38.08,42.93,36.23,22.7,52.36,54.78,79.86,58.3,35.52,37.45,44.3,45.2
2021,23.75,-107.75,39.3,38.08,42.93,36.23,22.7,52.36,54.78,79.86,58.3,35.52,37.45,44.3,45.2
2021,23.75,-108.25,37.59,33.81,41.3,36.73,21.75,42.15,48.3,73.91,50.92,34.74,38.52,44.86,42.12
2021,23.75,-108.75,37.59,33.81,41.3,36.73,21.75,42.15,48.3,73.91,50.92,34.74,38.52,44.86,42.12
2021,23.75,-109.25,35.19,27.41,33.6,29.13,19.02,30.21,38.48,62.98,38,27.75,37.39,41.43,35.13
2021,23.75,-109.75,35.19,27.41,33.6,29.13,19.02,30.21,38.48,62.98,38,27.75,37.39,41.43,35.13
2021,24.25,-100.25,45.55,26.29,40.91,39.05,42.72,54.6,55.24,44.95,55.16,48.75,36.03,35.31,43.83
2021,24.25,-100.75,45.55,26.29,40.91,39.05,42.72,54.6,55.24,44.95,55.16,48.75,36.03,35.31,43.83
2021,24.25,-101.25,36.83,22.66,37.68,33.86,38.72,55.91,60.16,49.95,57.41,43.46,30.43,33.13,41.81
2021,24.25,-101.75,36.83,22.66,37.68,33.86,38.72,55.91,60.16,49.95,57.41,43.46,30.43,33.13,41.81
2021,24.25,-102.25,37.58,24.94,41.38,37.24,34.84,56.3,61.73,55.1,58.57,40.02,31.16,35.96,43.02
2021,24.25,-102.75,37.58,24.94,41.38,37.24,34.84,56.3,61.73,55.1,58.57,40.02,31.16,35.96,43.02
2021,24.25,-103.25,36.88,29.25,38.63,38.34,33.18,54.6,65.61,57.1,59.93,38.23,33.28,37.4,43.62
2021,24.25,-103.75,36.88,29.25,38.63,38.34,33.18,54.6,65.61,57.1,59.93,38.23,33.28,37.4,43.62
2021,24.25,-104.25,33.59,29.27,39.26,32.66,28.17,56.1,73.24,67.73,63.89,36.25,32.75,36.56,44.22
2021,24.25,-104.75,33.59,29.27,39.26,32.66,28.17,56.1,73.24,67.73,63.89,36.25,32.75,36.56,44.22
2021,24.25,-105.25,34.22,31.23,34.86,28.84,24.96,63.55,78.77,75.62,67.7,34.54,36.6,36.41,45.69
2021,24.25,-105.75,34.22,31.23,34.86,28.84,24.96,63.55,78.77,75.62,67.7,34.54,36.6,36.41,45.69
2021,24.25,-106.25,37.43,38.66,36.11,28.49,22.98,61.12,75.55,76.12,65.73,31.64,37.21,40.43,45.99
2021,24.25,-106.75,37.43,38.66,36.11,28.49,22.98,61.12,75.55,76.12,65.73,31.64,37.21,40.43,45.99
2021,24.25,-107.25,31.55,32.8,34.3,28.28,18.1,49.45,64.91,75.98,60.94,31.64,33.06,37.82,41.62
2021,24.25,-107.75,31.55,32.8,34.3,28.28,18.1,49.45,64.91,75.98,60.94,31.64,33.06,37.82,41.62
2021,24.25,-108.25,36.33,38.01,44.52,34.56,24.35,46.69,55.09,73.51,55.25,34.32,39.16,49.77,44.35
2021,24.25,-108.75,36.33,38.01,44.52,34.56,24.35,46.69,55.09,73.51,55.25,34.32,39.16,49.77,44.35
2021,24.25,-109.25,34.02,35.2,41.52,34.67,22.52,39.6,47.53,64.54,42.55,35.12,38.25,48.38,40.38
2021,24.25,-109.75,34.02,35.2,41.52,34.67,22.52,39.6,47.53,64.54,42.55,35.12,38.25,48.38,40.38
2021,24.75,-100.25,45.55,26.29,40.91,39.05,42.72,54.6,55.24,44.95,55.16,48.75,36.03,35.31,43.83
2021,24.75,-100.75,45.55,26.29,40.91,39.05,42.72,54.6,55.24,44.95,55.16,48.75,36.03,35.31,43.83
2021,24.75,-101.25,36.83,22.66,37.68,33.86,38.72,55.91,60.16,49.95,57.41,43.46,30.43,33.13,41.81
2021,24.75,-101.75,36.83,22.66,37.68,33.86,38.72,55.91,60.16,49.95,57.41,43.46,30.43,33.13,41.81
2021,24.75,-102.25,37.58,24.94,41.38,37.24,34.84,56.3,61.73,55.1,58.57,40.02,31.16,35.96,43.02
2021,24.75,-102.75,37.58,24.94,41.38,37.24,34.84,56.3,61.73,55.1,58.57,40.02,31.16,35.96,43.02
2021,24.75,-103.25,36.88,29.25,38.63,38.34,33.18,54.6,65.61,57.1,59.93,38.23,33.28,37.4,43.62
2021,24.75,-103.75,36.88,29.25,38.63,38.34,33.18,54.6,65.61,57.1,59.93,38.23,33.28,37.4,43.62
2021,24.75,-104.25,33.59,29.27,39.26,32.66,28.17,56.1,73.24,67.73,63.89,36.25,32.75,36.56,44.22
2021,24.75,-104.75,33.59,29.27,39.26,32.66,28.17,56.1,73.24,67.73,63.89,36.25,32.75,36.56,44.22
2021,24.75,-105.25,34.22,31.23,34.86,28.84,24.96,63.55,78.77,75.62,67.7,34.54,36.6,36.41,45.69
2021,24.75,-105.75,34.22,31.23,34.86,28.84,24.96,63.55,78.77,75.62,67.7,34.54,36.6,36.41,45.69
2021,24.75,-106.25,37.43,38.66,36.11,28.49,22.98,61.12,75.55,76.12,65.73,31.64,37.21,40.43,45.99
2021,24.75,-106.75,37.43,38.66,36.11,28.49,22.98,61.12,75.55,76.12,65.73,31.64,37.21,40.43,45.99
2021,24.75,-107.25,31.55,32.8,34.3,28.28,18.1,49.45,64.91,75.98,60.94,31.64,33.06,37.82,41.62
2021,24.75,-107.75,31.55,32.8,34.3,28.28,18.1,49.45,64.91,75.98,60.94,31.64,33.06,37.82,41.62
2021,24.75,-108.25,36.33,38.01,44.52,34.56,24.35,46.69,55.09,73.51,55.25,34.32,39.16,49.77,44.35
2021,24.75,-108.75,36.33,38.01,44.52,34.56,24.35,46.69,55.09,73.51,55.25,34.32,39.16,49.77,44.35
2021,24.75,-109.25,34.02,35.2,41.52,34.67,22.52,39.6,47.53,64.54,42.55,35.12,38.25,48.38,40.38
2021,24.75,-109.75,34.02,35.2,41.52,34.67,22.52,39.6,47.53,64.54,42.55,35.12,38.25,48.38,40.38
2022,15.25,-100.25,23.88,22.06,21.06,25.98,60.82,85.36,73.94,78.35,89.77,59.16,42.3,28.81,51.09
2022,15.25,-100.75,23.88,22.06,21.06,25.98,60.82,85.36,73.94,78.35,89.77,59.16,42.3,28.81,51.09
2022,15.25,-101.25,23.85,22.6,20.41,27.29,58.23,81.58,73.62,78.46,89.95,55.8,42.52,32.23,50.67
2022,15.25,-101.75,23.85,22.6,20.41,27.29,58.23,81.58,73.62,78.46,89.95,55.8,42.52,32.23,50.67
2022,15.25,-102.25,27.04,18.02,21.07,30.09,57.01,79.2,73.97,78.68,89.7,55.29,40.98,35.49,50.71
2022,15.25,-102.75,27.04,18.02,21.07,30.09,57.01,79.2,73.97,78.68,89.7,55.29,40.98,35.49,50.71
2022,15.25,-103.25,28.96,16.51,20.37,35.04,58.12,78.76,74.09,79.03,89.86,53.86,42.6,36.63,51.32
2022,15.25,-103.75,28.96,16.51,20.37,35.04,58.12,78.76,74.09,79.03,89.86,53.86,42.6,36.63,51.32
2022,15.25,-104.25,35.08,19.77,21.74,43.66,61.23,78.03,75.86,79.44,89.13,55.27,46.6,40.96,54.06
2022,15.25,-104.75,35.08,19.77,21.74,43.66,61.23,78.03,75.86,79.44,89.13,55.27,46.6,40.96,54.06
2022,15.25,-105.25,42.26,23.87,23.83,47.09,63.92,76.27,74.8,78.33,86.54,56.89,49.27,45.94,55.91
2022,15.25,-105.75,42.26,23.87,23.83,47.09,63.92,76.27,74.8,78.33,86.54,56.89,49.27,45.94,55.91
2022,15.25,-106.25,44.67,24.55,25.59,49.44,64.41,73.73,72.95,75.46,84.52,57.02,50.02,46.66,55.91
2022,15.25,-106.75,44.67,24.55,25.59,49.44,64.41,73.73,72.95,75.46,84.52,57.02,50.02,46.66,55.91
2022,15.25,-107.25,47.57,26.92,28.99,54.39,65.91,72.25,68.41,70.87,84.73,55.88,51.41,45.66,56.22
2022,15.25,-107.75,47.57,26.92,28.99,54.39,65.91,72.25,68.41,70.87,84.73,55.88,51.41,45.66,56.22
2022,15.25,-108.25,50.27,30.12,30.75,58.58,68.62,72.74,68.41,66.66,83.7,53.98,53.71,45.21,57
2022,15.25,-108.75,50.27,30.12,30.75,58.58,68.62,72.74,68.41,66.66,83.7,53.98,53.71,45.21,57
2022,15.25,-109.25,53.93,36.02,34.47,59.85,67.48,74.9,68.73,65.87,82.73,53.76,57.67,46.34,58.55
2022,15.25,-109.75,53.93,36.02,34.47,59.85,67.48,74.9,68.73,65.87,82.73,53.76,57.67,46.34,58.55
2022,15.75,-100.25,23.88,22.06,21.06,25.98,60.82,85.36,73.94,78.35,89.77,59.16,42.3,28.81,51.09
2022,15.75,-100.75,23.88,22.06,21.06,25.98,60.82,85.36,73.94,78.35,89.77,59.16,42.3,28.81,51.09
2022,15.75,-101.25,23.85,22.6,20.41,27.29,58.23,81.58,73.62,78.46,89.95,55.8,42.52,32.23,50.67
2022,15.75,-101.75,23.85,22.6,20.41,27.29,58.23,81.58,73.62,78.46,89.95,55.8,42.52,32.23,50.67
2022,15.75,-102.25,27.04,18.02,21.07,30.09,57.01,79.2,73.97,78.68,89.7,55.29,40.98,35.49,50.71
2022,15.75,-102.75,27.04,18.02,21.07,30.09,57.01,79.2,73.97,78.68,89.7,55.29,40.98,35.49,50.71
2022,15.75,-103.25,28.96,16.51,20.37,35.04,58.12,78.76,74.09,79.03,89.86,53.86,42.6,36.63,51.32
2022,15.75,-103.75,28.96,16.51,20.37,35.04,58.12,78.76,74.09,79.03,89.86,53.86,42.6,36.63,51.32
2022,15.75,-104.25,35.08,19.77,21.74,43.66,61.23,78.03,75.86,79.44,89.13,55.27,46.6,40.96,54.06
2022,15.75,-104.75,35.08,19.77,21.74,43.66,61.23,78.03,75.86,79.44,89.13,55.27,46.6,40.96,54.06
2022,15.75,-105.25,42.26,23.87,23.83,47.09,63.92,76.27,74.8,78.33,86.54,56.89,49.27,45.94,55.91
2022,15.75,-105.75,42.26,23.87,23.83,47.09,63.92,76.27,74.8,78.33,86.54,56.89,49.27,45.94,55.91
2022,15.75,-106.25,44.67,24.55,25.59,49.44,64.41,73.73,72.95,75.46,84.52,57.02,50.02,46.66,55.91
2022,15.75,-106.75,44.67,24.55,25.59,49.44,64.41,73.73,72.95,75.46,84.52,57.02,50.02,46.66,55.91
2022,15.75,-107.25,47.57,26.92,28.99,54.39,65.91,72.25,68.41,70.87,84.73,55.88,51.41,45.66,56.22
2022,15.75,-107.75,47.57,26.92,28.99,54.39,65.91,72.25,68.41,70.87,84.73,55.88,51.41,45.66,56.22
2022,15.75,-108.25,50.27,30.12,30.75,58.58,68.62,72.74,68.41,66.66,83.7,53.98,53.71,45.21,57
2022,15.75,-108.75,50.27,30.12,30.75,58.58,68.62,72.74,68.41,66.66,83.7,53.98,53.71,45.21,57
2022,15.75,-109.25,53.93,36.02,34.47,59.85,67.48,74.9,68.73,65.87,82.73,53.76,57.67,46.34,58.55
2022,15.75,-109.75,53.93,36.02,34.47,59.85,67.48,74.9,68.73,65.87,82.73,53.76,57.67,46.34,58.55
2022,16.25,-100.25,28.62,26.77,20.06,30.02,60.73,87.51,75.34,78.45,88.52,64.17,39.48,27.8,52.4
2022,16.25,-100.75,28.62,26.77,20.06,30.02,60.73,87.51,75.34,78.45,88.52,64.17,39.48,27.8,52.4
2022,16.25,-101.25,27.98,23.96,14.48,29.04,56.34,82.23,75.56,77.98,88.69,60,40.97,30.77,50.78
2022,16.25,-101.75,27.98,23.96,14.48,29.04,56.34,82.23,75.56,77.98,88.69,60,40.97,30.77,50.78
2022,16.25,-102.25,29.56,20.76,15.85,35.91,53.54,76.64,74.81,77.39,87.25,56.02,40.14,33.36,50.23
2022,16.25,-102.75,29.56,20.76,15.85,35.91,53.54,76.64,74.81,77.39,87.25,56.02,40.14,33.36,50.23
2022,16.25,-103.25,30.83,19.47,16.84,37.55,56.41,75.12,73.23,80.39,88.23,55.98,40.23,35.2,50.95
2022,16.25,-103.75,30.83,19.47,16.84,37.55,56.41,75.12,73.23,80.39,88.23,55.98,40.23,35.2,50.95
2022,16.25,-104.25,37.61,20.56,18.97,43.16,62.26,75.31,73.44,81.97,88.93,56.06,44.48,42.22,53.92
2022,16.25,-104.75,37.61,20.56,18.97,43.16,62.26,75.31,73.44,81.97,88.93,56.06,44.48,42.22,53.92
2022,16.25,-105.25,42.72,21.17,22.38,45.47,62.53,73.14,71.9,79.34,87.02,57.51,45.98,43.36,54.55
2022,16.25,-105.75,42.72,21.17,22.38,45.47,62.53,73.14,71.9,79.34,87.02,57.51,45.98,43.36,54.55
2022,16.25,-106.25,47.02,23.7,25.48,47.74,63.56,72.4,71.46,78.06,86.12,54.92,45.01,40.66,54.84
2022,16.25,-106.75,47.02,23.7,25.48,47.74,63.56,72.4,71.46,78.06,86.12,54.92,45.01,40.66,54.84
2022,16.25,-107.25,50.61,27.59,26.93,51.99,63.36,69.03,66.86,71.21,85.23,53.14,48.38,41.28,54.76
2022,16.25,-107.75,50.61,27.59,26.93,51.99,63.36,69.03,66.86,71.21,85.23,53.14,48.38,41.28,54.76
2022,16.25,-108.25,52.86,31.67,29.12,57.44,66.85,71.2,63.86,66.73,82.51,51.92,51.05,43.05,55.78
2022,16.25,-108.75,52.86,31.67,29.12,57.44,66.85,71.2,63.86,66.73,82.51,51.92,51.05,43.05,55.78
2022,16.25,-109.25,56.51,40.34,31.8,59.09,66.28,73.02,62.56,62.57,80.81,53.97,57.13,46.29,57.56
2022,16.25,-109.75,56.51,40.34,31.8,59.09,66.28,73.02,62.56,62.57,80.81,53.97,57.13,46.29,57.56
2022,16.75,-100.25,28.62,26.77,20.06,30.02,60.73,87.51,75.34,78.45,88.52,64.17,39.48,27.8,52.4
2022,16.75,-100.75,28.62,26.77,20.06,30.02,60.73,87.51,75.34,78.45,88.52,64.17,39.48,27.8,52.4
2022,16.75,-101.25,27.98,23.96,14.48,29.04,56.34,82.23,75.56,77.98,88.69,60,40.97,30.77,50.78
2022,16.75,-101.75,27.98,23.96,14.48,29.04,56.34,82.23,75.56,77.98,88.69,60,40.97,30.77,50.78
2022,16.75,-102.25,29.56,20.76,15.85,35.91,53.54,76.64,74.81,77.39,87.25,56.02,40.14,33.36,50.23
2022,16.75,-102.75,29.56,20.76,15.85,35.91,53.54,76.64,74.81,77.39,87.25,56.02,40.14,33.36,50.23
2022,16.75,-103.25,30.83,19.47,16.84,37.55,56.41,75.12,73.23,80.39,88.23,55.98,40.23,35.2,50.95
2022,16.75,-103.75,30.83,19.47,16.84,37.55,56.41,75.12,73.23,80.39,88.23,55.98,40.23,35.2,50.95
2022,16.75,-104.25,37.61,20.56,18.97,43.16,62.26,75.31,73.44,81.97,88.93,56.06,44.48,42.22,53.92
2022,16.75,-104.75,37.61,20.56,18.97,43.16,62.26,75.31,73.44,81.97,88.93,56.06,44.48,42.22,53.92
2022,16.75,-105.25,42.72,21.17,22.38,45.47,62.53,73.14,71.9,79.34,87.02,57.51,45.98,43.36,54.55
2022,16.75,-105.75,42.72,21.17,22.38,45.47,62.53,73.14,71.9,79.34,87.02,57.51,45.98,43.36,54.55
2022,16.75,-106.25,47.02,23.7,25.48,47.74,63.56,72.4,71.46,78.06,86.12,54.92,45.01,40.66,54.84
2022,16.75,-106.75,47.02,23.7,25.48,47.74,63.56,72.4,71.46,78.06,86.12,54.92,45.01,40.66,54.84
2022,16.75,-107.25,50.61,27.59,26.93,51.99,63.36,69.03,66.86,71.21,85.23,53.14,48.38,41.28,54.76
2022,16.75,-107.75,50.61,27.59,26.93,51.99,63.36,69.03,66.86,71.21,85.23,53.14,48.38,41.28,54.76
2022,16.75,-108.25,52.86,31.67,29.12,57.44,66.85,71.2,63.86,66.73,82.51,51.92,51.05,43.05,55.78
2022,16.75,-108.75,52.86,31.67,29.12,57.44,66.85,71.2,63.86,66.73,82.51,51.92,51.05,43.05,55.78
2022,16.75,-109.25,56.51,40.34,31.8,59.09,66.28,73.02,62.56,62.57,80.81,53.97,57.13,46.29,57.56
2022,16.75,-109.75,56.51,40.34,31.8,59.09,66.28,73.02,62.56,62.57,80.81,53.97,57.13,46.29,57.56
2022,17.25,-100.25,27.45,29.18,11.51,26.52,47.48,85.16,80.21,80.73,87.91,64.34,38.66,29.66,50.81
2022,17.25,-100.75,27.45,29.18,11.51,26.52,47.48,85.16,80.21,80.73,87.91,64.34,38.66,29.66,50.81
2022,17.25,-101.25,24.67,20.88,8.41,22.99,46.07,84.02,78.37,77.72,85.77,60.04,35.91,26.34,47.71
2022,17.25,-101.75,24.67,20.88,8.41,22.99,46.07,84.02,78.37,77.72,85.77,60.04,35.91,26.34,47.71
2022,17.25,-102.25,35.77,26.55,18.75,38.12,56.81,80.81,77.77,79.01,86.27,60.77,42.21,35.04,53.28
2022,17.25,-102.75,35.77,26.55,18.75,38.12,56.81,80.81,77.77,79.01,86.27,60.77,42.21,35.04,53.28
2022,17.25,-103.25,35.38,21.52,15.77,39.12,55.8,76.37,77.09,79.52,88.18,58.83,37.53,36.89,51.99
2022,17.25,-103.75,35.38,21.52,15.77,39.12,55.8,76.37,77.09,79.52,88.18,58.83,37.53,36.89,51.99
2022,17.25,-104.25,42.34,22.2,20.86,43.57,57.47,71.91,73.08,80.66,87.88,60.4,42.05,38.88,53.61
2022,17.25,-104.75,42.34,22.2,20.86,43.57,57.47,71.91,73.08,80.66,87.88,60.4,42.05,38.88,53.61
2022,17.25,-105.25,45.47,20.64,25.02,47.95,55.79,71.68,70.44,80.36,88.46,60.32,45.79,39.83,54.49
2022,17.25,-105.75,45.47,20.64,25.02,47.95,55.79,71.68,70.44,80.36,88.46,60.32,45.79,39.83,54.49
2022,17.25,-106.25,49.46,22.41,25.77,46.38,57.58,70.07,69.66,79.21,85.2,56.61,45.84,41.19,54.29
2022,17.25,-106.75,49.46,22.41,25.77,46.38,57.58,70.07,69.66,79.21,85.2,56.61,45.84,41.19,54.29
2022,17.25,-107.25,53.37,27.59,25.48,49.55,58.06,67.63,66.62,72.95,83.7,52.88,48.48,43.7,54.3
2022,17.25,-107.75,53.37,27.59,25.48,49.55,58.06,67.63,66.62,72.95,83.7,52.88,48.48,43.7,54.3
2022,17.25,-108.25,54.38,33.58,26.33,54.45,61.73,72.04,62.39,69.75,80.26,52.13,54.91,42.04,55.4
2022,17.25,-108.75,54.38,33.58,26.33,54.45,61.73,72.04,62.39,69.75,80.26,52.13,54.91,42.04,55.4
2022,17.25,-109.25,55.97,43.84,28.59,54.59,66.48,73.11,57.33,64.2,78.74,53.93,57.73,43.94,56.54
2022,17.25,-109.75,55.97,43.84,28.59,54.59,66.48,73.11,57.33,64.2,78.74,53.93,57.73,43.94,56.54
2022,17.75,-100.25,27.45,29.18,11.51,26.52,47.48,85.16,80.21,80.73,87.91,64.34,38.66,29.66,50.81
2022,17.75,-100.75,27.45,29.18,11.51,26.52,47.48,85.16,80.21,80.73,87.91,64.34,38.66,29.66,50.81
2022,17.75,-101.25,24.67,20.88,8.41,22.99,46.07,84.02,78.37,77.72,85.77,60.04,35.91,26.34,47.71
2022,17.75,-101.75,24.67,20.88,8.41,22.99,46.07,84.02,78.37,77.72,85.77,60.04,35.91,26.34,47.71
2022,17.75,-102.25,35.77,26.55,18.75,38.12,56.81,80.81,77.77,79.01,86.27,60.77,42.21,35.04,53.28
2022,17.75,-102.75,35.77,26.55,18.75,38.12,56.81,80.81,77.77,79.01,86.27,60.77,42.21,35.04,53.28
2022,17.75,-103.25,35.38,21.52,15.77,39.12,55.8,76.37,77.09,79.52,88.18,58.83,37.53,36.89,51.99
2022,17.75,-103.75,35.38,21.52,15.77,39.12,55.8,76.37,77.09,79.52,88.18,58.83,37.53,36.89,51.99
2022,17.75,-104.25,42.34,22.2,20.86,43.57,57.47,71.91,73.08,80.66,87.88,60.4,42.05,38.88,53.61
2022,17.75,-104.75,42.34,22.2,20.86,43.57,57.47,71.91,73.08,80.66,87.88,60.4,42.05,38.88,53.61
2022,17.75,-105.25,45.47,20.64,25.02,47.95,55.79,71.68,70.44,80.36,88.46,60.32,45.79,39.83,54.49
2022,17.75,-105.75,45.47,20.64,25.02,47.95,55.79,71.68,70.44,80.36,88.46,60.32,45.79,39.83,54.49
2022,17.75,-106.25,49.46,22.41,25.77,46.38,57.58,70.07,69.66,79.21,85.2,56.61,45.84,41.19,54.29
2022,17.75,-106.75,49.46,22.41,25.77,46.38,57.58,70.07,69.66,79.21,85.2,56.61,45.84,41.19,54.29
2022,17.75,-107.25,53.37,27.59,25.48,49.55,58.06,67.63,66.62,72.95,83.7,52.88,48.48,43.7,54.3
2022,17.75,-107.75,53.37,27.59,25.48,49.55,58.06,67.63,66.62,72.95,83.7,52.88,48.48,43.7,54.3
2022,17.75,-108.25,54.38,33.58,26.33,54.45,61.73,72.04,62.39,69.75,80.26,52.13,54.91,42.04,55.4
2022,17.75,-108.75,54.38,33.58,26.33,54.45,61.73,72.04,62.39,69.75,80.26,52.13,54.91,42.04,55.4
2022,17.75,-109.25,55.97,43.84,28.59,54.59,66.48,73.11,57.33,64.2,78.74,53.93,57.73,43.94,56.54
2022,17.75,-109.75,55.97,43.84,28.59,54.59,66.48,73.11,57.33,64.2,78.74,53.93,57.73,43.94,56.54
2022,18.25,-100.25,23.2,17.22,12.44,33.04,44.31,76.6,81.02,77.43,82.41,61.44,31.16,26.84,47.41
2022,18.25,-100.75,23.2,17.22,12.44,33.04,44.31,76.6,81.02,77.43,82.41,61.44,31.16,26.84,47.41
2022,18.25,-101.25,22.38,14.82,7.2,24.16,37.15,74.26,77.55,74.19,78.98,54.45,28.12,23.49,43.2
2022,18.25,-101.75,22.38,14.82,7.2,24.16,37.15,74.26,77.55,74.19,78.98,54.45,28.12,23.49,43.2
2022,18.25,-102.25,26.62,18.41,6.41,22.34,33.56,78.94,76.34,77.45,80.7,55.98,30.02,26.28,44.54
2022,18.25,-102.75,26.62,18.41,6.41,22.34,33.56,78.94,76.34,77.45,80.7,55.98,30.02,26.28,44.54
2022,18.25,-103.25,28.09,13.36,8.1,23.04,37.3,78.52,77.36,77.92,82.91,56.87,28.81,25.7,45
2022,18.25,-103.75,28.09,13.36,8.1,23.04,37.3,78.52,77.36,77.92,82.91,56.87,28.81,25.7,45
2022,18.25,-104.25,42.46,22.08,26.87,36.94,54.57,78.25,76.64,81.81,88.71,59.49,35.95,34.25,53.35
2022,18.25,-104.75,42.46,22.08,26.87,36.94,54.57,78.25,76.64,81.81,88.71,59.49,35.95,34.25,53.35
2022,18.25,-105.25,49.25,22.77,26.82,42.28,53.87,72.38,71.15,82.01,85.95,58.12,38.48,35.24,53.38
2022,18.25,-105.75,49.25,22.77,26.82,42.28,53.87,72.38,71.15,82.01,85.95,58.12,38.48,35.24,53.38
2022,18.25,-106.25,54.59,24.95,25.19,45.77,53.55,70.66,69.35,80.73,82.64,55.59,40.78,37.29,53.59
2022,18.25,-106.75,54.59,24.95,25.19,45.77,53.55,70.66,69.35,80.73,82.64,55.59,40.78,37.29,53.59
2022,18.25,-107.25,54.82,29.66,23.52,48.88,57.7,70.27,67.8,75.96,80.6,54.41,47.05,36.48,54.05
2022,18.25,-107.75,54.82,29.66,23.52,48.88,57.7,70.27,67.8,75.96,80.6,54.41,47.05,36.48,54.05
2022,18.25,-108.25,55.3,36.87,24.35,49.98,61.27,71.45,62.99,71.84,79.7,54.33,52.14,37.87,54.9
2022,18.25,-108.75,55.3,36.87,24.35,49.98,61.27,71.45,62.99,71.84,79.7,54.33,52.14,37.87,54.9
2022,18.25,-109.25,55.16,47.13,27.23,52.39,66.01,71.58,56.05,65.59,76.42,55.25,58.59,41.45,56.05
2022,18.25,-109.75,55.16,47.13,27.23,52.39,66.01,71.58,56.05,65.59,76.42,55.25,58.59,41.45,56.05
2022,18.75,-100.25,23.2,17.22,12.44,33.04,44.31,76.6,81.02,77.43,82.41,61.44,31.16,26.84,47.41
2022,18.75,-100.75,23.2,17.22,12.44,33.04,44.31,76.6,81.02,77.43,82.41,61.44,31.16,26.84,47.41
2022,18.75,-101.25,22.38,14.82,7.2,24.16,37.15,74.26,77.55,74.19,78.98,54.45,28.12,23.49,43.2
2022,18.75,-101.75,22.38,14.82,7.2,24.16,37.15,74.26,77.55,74.19,78.98,54.45,28.12,23.49,43.2
2022,18.75,-102.25,26.62,18.41,6.41,22.34,33.56,78.94,76.34,77.45,80.7,55.98,30.02,26.28,44.54
2022,18.75,-102.75,26.62,18.41,6.41,22.34,33.56,78.94,76.34,77.45,80.7,55.98,30.02,26.28,44.54
2022,18.75,-103.25,28.09,13.36,8.1,23.04,37.3,78.52,77.36,77.92,82.91,56.87,28.81,25.7,45
2022,18.75,-103.75,28.09,13.36,8.1,23.04,37.3,78.52,77.36,77.92,82.91,56.87,28.81,25.7,45
2022,18.75,-104.25,42.46,22.08,26.87,36.94,54.57,78.25,76.64,81.81,88.71,59.49,35.95,34.25,53.35
2022,18.75,-104.75,42.46,22.08,26.87,36.94,54.57,78.25,76.64,81.81,88.71,59.49,35.95,34.25,53.35
2022,18.75,-105.25,49.25,22.77,26.82,42.28,53.87,72.38,71.15,82.01,85.95,58.12,38.48,35.24,53.38
2022,18.75,-105.75,49.25,22.77,26.82,42.28,53.87,72.38,71.15,82.01,85.95,58.12,38.48,35.24,53.38
2022,18.75,-106.25,54.59,24.95,25.19,45.77,53.55,70.66,69.35,80.73,82.64,55.59,40.78,37.29,53.59
2022,18.75,-106.75,54.59,24.95,25.19,45.77,53.55,70.66,69.35,80.73,82.64,55.59,40.78,37.29,53.59
2022,18.75,-107.25,54.82,29.66,23.52,48.88,57.7,70.27,67.8,75.96,80.6,54.41,47.05,36.48,54.05
2022,18.75,-107.75,54.82,29.66,23.52,48.88,57.7,70.27,67.8,75.96,80.6,54.41,47.05,36.48,54.05
2022,18.75,-108.25,55.3,36.87,24.35,49.98,61.27,71.45,62.99,71.84,79.7,54.33,52.14,37.87,54.9
2022,18.75,-108.75,55.3,36.87,24.35,49.98,61.27,71.45,62.99,71.84,79.7,54.33,52.14,37.87,54.9
2022,18.75,-109.25,55.16,47.13,27.23,52.39,66.01,71.58,56.05,65.59,76.42,55.25,58.59,41.45,56.05
2022,18.75,-109.75,55.16,47.13,27.23,52.39,66.01,71.58,56.05,65.59,76.42,55.25,58.59,41.45,56.05
2022,19.25,-100.25,32.38,23.95,12.8,39.43,40.77,79.99,83.07,81.06,77.16,59.91,31.7,30.41,49.52
2022,19.25,-100.75,32.38,23.95,12.8,39.43,40.77,79.99,83.07,81.06,77.16,59.91,31.7,30.41,49.52
2022,19.25,-101.25,30.73,22.23,8.39,32.47,35.49,79.63,83.55,81.07,77.88,56.47,28.77,28.63,47.23
2022,19.25,-101.75,30.73,22.23,8.39,32.47,35.49,79.63,83.55,81.07,77.88,56.47,28.77,28.63,47.23
2022,19.25,-102.25,33.64,21.2,6.73,27.42,35.26,81.46,83.1,79.79,78.48,55.94,27.63,28.31,46.71
2022,19.25,-102.75,33.64,21.2,6.73,27.42,35.26,81.46,83.1,79.79,78.48,55.94,27.63,28.31,46.71
2022,19.25,-103.25,32.56,16.7,5.48,24.33,31.98,79.84,80.98,81.09,83.07,55.9,27.8,25.89,45.61
2022,19.25,-103.75,32.56,16.7,5.48,24.33,31.98,79.84,80.98,81.09,83.07,55.9,27.8,25.89,45.61
2022,19.25,-104.25,36.97,17.38,8.44,25.07,36.33,81.15,83.36,82.74,84.41,56.71,33.39,28.27,48.02
2022,19.25,-104.75,36.97,17.38,8.44,25.07,36.33,81.15,83.36,82.74,84.41,56.71,33.39,28.27,48.02
2022,19.25,-105.25,46.34,24.86,23.64,39.2,50.2,76.48,78.53,84.51,83.23,55.36,33.59,33.45,52.61
2022,19.25,-105.75,46.34,24.86,23.64,39.2,50.2,76.48,78.53,84.51,83.23,55.36,33.59,33.45,52.61
2022,19.25,-106.25,49.49,25.32,19.23,42.26,49.75,69.55,70.76,83.18,76.13,53.09,37.78,33.99,51.02
2022,19.25,-106.75,49.49,25.32,19.23,42.26,49.75,69.55,70.76,83.18,76.13,53.09,37.78,33.99,51.02
2022,19.25,-107.25,50.37,30.52,20.08,43.27,54.25,67.92,65.06,77.81,71.73,51.17,43.32,33.01,50.81
2022,19.25,-107.75,50.37,30.52,20.08,43.27,54.25,67.92,65.06,77.81,71.73,51.17,43.32,33.01,50.81
2022,19.25,-108.25,49.04,33.68,22.74,46.84,56.12,69.12,58.09,71.28,70.9,53.14,49.22,34.51,51.28
2022,19.25,-108.75,49.04,33.68,22.74,46.84,56.12,69.12,58.09,71.28,70.9,53.14,49.22,34.51,51.28
2022,19.25,-109.25,51.62,41.01,27.56,49.32,61.59,69.94,52.91,68.28,68.62,51.34,55.7,38.84,53.08
2022,19.25,-109.75,51.62,41.01,27.56,49.32,61.59,69.94,52.91,68.28,68.62,51.34,55.7,38.84,53.08
2022,19.75,-100.25,32.38,23.95,12.8,39.43,40.77,79.99,83.07,81.06,77.16,59.91,31.7,30.41,49.52
2022,19.75,-100.75,32.38,23.95,12.8,39.43,40.77,79.99,83.07,81.06,77.16,59.91,31.7,30.41,49.52
2022,19.75,-101.25,30.73,22.23,8.39,32.47,35.49,79.63,83.55,81.07,77.88,56.47,28.77,28.63,47.23
2022,19.75,-101.75,30.73,22.23,8.39,32.47,35.49,79.63,83.55,81.07,77.88,56.47,28.77,28.63,47.23
2022,19.75,-102.25,33.64,21.2,6.73,27.42,35.26,81.46,83.1,79.79,78.48,55.94,27.63,28.31,46.71
2022,19.75,-102.75,33.64,21.2,6.73,27.42,35.26,81.46,83.1,79.79,78.48,55.94,27.63,28.31,46.71
2022,19.75,-103.25,32.56,16.7,5.48,24.33,31.98,79.84,80.98,81.09,83.07,55.9,27.8,25.89,45.61
2022,19.75,-103.75,32.56,16.7,5.48,24.33,31.98,79.84,80.98,81.09,83.07,55.9,27.8,25.89,45.61
2022,19.75,-104.25,36.97,17.38,8.44,25.07,36.33,81.15,83.36,82.74,84.41,56.71,33.39,28.27,48.02
2022,19.75,-104.75,36.97,17.38,8.44,25.07,36.33,81.15,83.36,82.74,84.41,56.71,33.39,28.27,48.02
2022,19.75,-105.25,46.34,24.86,23.64,39.2,50.2,76.48,78.53,84.51,83.23,55.36,33.59,33.45,52.61
2022,19.75,-105.75,46.34,24.86,23.64,39.2,50.2,76.48,78.53,84.51,83.23,55.36,33.59,33.45,52.61
2022,19.75,-106.25,49.49,25.32,19.23,42.26,49.75,69.55,70.76,83.18,76.13,53.09,37.78,33.99,51.02
2022,19.75,-106.75,49.49,25.32,19.23,42.26,49.75,69.55,70.76,83.18,76.13,53.09,37.78,33.99,51.02
2022,19.75,-107.25,50.37,30.52,20.08,43.27,54.25,67.92,65.06,77.81,71.73,51.17,43.32,33.01,50.81
2022,19.75,-107.75,50.37,30.52,20.08,43.27,54.25,67.92,65.06,77.81,71.73,51.17,43.32,33.01,50.81
2022,19.75,-108.25,49.04,33.68,22.74,46.84,56.12,69.12,58.09,71.28,70.9,53.14,49.22,34.51,51.28
2022,19.75,-108.75,49.04,33.68,22.74,46.84,56.12,69.12,58.09,71.28,70.9,53.14,49.22,34.51,51.28
2022,19.75,-109.25,51.62,41.01,27.56,49.32,61.59,69.94,52.91,68.28,68.62,51.34,55.7,38.84,53.08
2022,19.75,-109.75,51.62,41.01,27.56,49.32,61.59,69.94,52.91,68.28,68.62,51.34,55.7,38.84,53.08
2022,20.25,-100.25,30.55,23.48,9.2,35.3,31.57,65.66,71.54,67.3,59.73,50.41,28.72,26.2,41.73
2022,20.25,-100.75,30.55,23.48,9.2,35.3,31.57,65.66,71.54,67.3,59.73,50.41,28.72,26.2,41.73
2022,20.25,-101.25,29.33,21.27,7,30.3,29.84,70.02,74.45,70.5,59.41,48.1,23.84,22.05,40.61
2022,20.25,-101.75,29.33,21.27,7,30.3,29.84,70.02,74.45,70.5,59.41,48.1,23.84,22.05,40.61
2022,20.25,-102.25,32.27,21.08,7.8,27.99,31.27,77.23,77.88,74.45,64.1,48.88,22.5,22.78,42.47
2022,20.25,-102.75,32.27,21.08,7.8,27.99,31.27,77.23,77.88,74.45,64.1,48.88,22.5,22.78,42.47
2022,20.25,-103.25,33.06,20.6,7.53,24.2,30.97,77.73,79.79,79.03,74.91,51.12,21.86,21.92,43.68
2022,20.25,-103.75,33.06,20.6,7.53,24.2,30.97,77.73,79.79,79.03,74.91,51.12,21.86,21.92,43.68
2022,20.25,-104.25,35.07,19.24,7.45,20.66,30.48,78.76,82.08,83.05,79.24,52.8,22.45,21.16,44.51
2022,20.25,-104.75,35.07,19.24,7.45,20.66,30.48,78.76,82.08,83.05,79.24,52.8,22.45,21.16,44.51
2022,20.25,-105.25,47.12,28.81,21.32,37.5,47.3,82.56,82.16,87.83,86.4,59.59,32.82,31.31,53.87
2022,20.25,-105.75,47.12,28.81,21.32,37.5,47.3,82.56,82.16,87.83,86.4,59.59,32.82,31.31,53.87
2022,20.25,-106.25,48.2,22.45,14.89,33.33,42.82,67.59,71.25,85.13,77.12,52.84,35.66,32.73,48.84
2022,20.25,-106.75,48.2,22.45,14.89,33.33,42.82,67.59,71.25,85.13,77.12,52.84,35.66,32.73,48.84
2022,20.25,-107.25,47.11,25.42,16.33,39.23,47.62,64.59,63.45,79.16,67.81,47.98,38.7,31.26,47.51
2022,20.25,-107.75,47.11,25.42,16.33,39.23,47.62,64.59,63.45,79.16,67.81,47.98,38.7,31.26,47.51
2022,20.25,-108.25,47.22,31.53,21.64,42.56,49.57,64.16,56.68,73.3,62.59,49.97,44.51,31.75,48.03
2022,20.25,-108.75,47.22,31.53,21.64,42.56,49.57,64.16,56.68,73.3,62.59,49.97,44.51,31.75,48.03
2022,20.25,-109.25,49.82,37.89,26.12,45.37,53.8,63.82,50.2,69.09,59.38,47.18,45.21,35.67,48.66
2022,20.25,-109.75,49.82,37.89,26.12,45.37,53.8,63.82,50.2,69.09,59.38,47.18,45.21,35.67,48.66
2022,20.75,-100.25,30.55,23.48,9.2,35.3,31.57,65.66,71.54,67.3,59.73,50.41,28.72,26.2,41.73
2022,20.75,-100.75,30.55,23.48,9.2,35.3,31.57,65.66,71.54,67.3,59.73,50.41,28.72,26.2,41.73
2022,20.75,-101.25,29.33,21.27,7,30.3,29.84,70.02,74.45,70.5,59.41,48.1,23.84,22.05,40.61
2022,20.75,-101.75,29.33,21.27,7,30.3,29.84,70.02,74.45,70.5,59.41,48.1,23.84,22.05,40.61
2022,20.75,-102.25,32.27,21.08,7.8,27.99,31.27,77.23,77.88,74.45,64.1,48.88,22.5,22.78,42.47
2022,20.75,-102.75,32.27,21.08,7.8,27.99,31.27,77.23,77.88,74.45,64.1,48.88,22.5,22.78,42.47
2022,20.75,-103.25,33.06,20.6,7.53,24.2,30.97,77.73,79.79,79.03,74.91,51.12,21.86,21.92,43.68
2022,20.75,-103.75,33.06,20.6,7.53,24.2,30.97,77.73,79.79,79.03,74.91,51.12,21.86,21.92,43.68
2022,20.75,-104.25,35.07,19.24,7.45,20.66,30.48,78.76,82.08,83.05,79.24,52.8,22.45,21.16,44.51
2022,20.75,-104.75,35.07,19.24,7.45,20.66,30.48,78.76,82.08,83.05,79.24,52.8,22.45,21.16,44.51
2022,20.75,-105.25,47.12,28.81,21.32,37.5,47.3,82.56,82.16,87.83,86.4,59.59,32.82,31.31,53.87
2022,20.75,-105.75,47.12,28.81,21.32,37.5,47.3,82.56,82.16,87.83,86.4,59.59,32.82,31.31,53.87
2022,20.75,-106.25,48.2,22.45,14.89,33.33,42.82,67.59,71.25,85.13,77.12,52.84,35.66,32.73,48.84
2022,20.75,-106.75,48.2,22.45,14.89,33.33,42.82,67.59,71.25,85.13,77.12,52.84,35.66,32.73,48.84
2022,20.75,-107.25,47.11,25.42,16.33,39.23,47.62,64.59,63.45,79.16,67.81,47.98,38.7,31.26,47.51
2022,20.75,-107.75,47.11,25.42,16.33,39.23,47.62,64.59,63.45,79.16,67.81,47.98,38.7,31.26,47.51
2022,20.75,-108.25,47.22,31.53,21.64,42.56,49.57,64.16,56.68,73.3,62.59,49.97,44.51,31.75,48.03
2022,20.75,-108.75,47.22,31.53,21.64,42.56,49.57,64.16,56.68,73.3,62.59,49.97,44.51,31.75,48.03
2022,20.75,-109.25,49.82,37.89,26.12,45.37,53.8,63.82,50.2,69.09,59.38,47.18,45.21,35.67,48.66
2022,20.75,-109.75,49.82,37.89,26.12,45.37,53.8,63.82,50.2,69.09,59.38,47.18,45.21,35.67,48.66
2022,21.25,-100.25,39.49,34.05,13.84,36.86,32.57,59.38,57.13,51.05,61.38,50.34,36.66,35.29,42.34
2022,21.25,-100.75,39.49,34.05,13.84,36.86,32.57,59.38,57.13,51.05,61.38,50.34,36.66,35.29,42.34
2022,21.25,-101.25,33.74,24.45,8.89,30.25,30.37,63.66,64.43,62.82,56.98,46.59,23.95,24.77,39.31
2022,21.25,-101.75,33.74,24.45,8.89,30.25,30.37,63.66,64.43,62.82,56.98,46.59,23.95,24.77,39.31
2022,21.25,-102.25,34.49,19.42,8.21,24.7,29.57,70.8,68.73,69.04,60.3,47.75,21.11,19.28,39.56
2022,21.25,-102.75,34.49,19.42,8.21,24.7,29.57,70.8,68.73,69.04,60.3,47.75,21.11,19.28,39.56
2022,21.25,-103.25,33.69,17.13,6.48,17.54,29.32,74.1,73.91,76.4,67.89,46.41,19.48,18.33,40.2
2022,21.25,-103.75,33.69,17.13,6.48,17.54,29.32,74.1,73.91,76.4,67.89,46.41,19.48,18.33,40.2
2022,21.25,-104.25,37.42,18.87,6.97,14.94,28.3,72.62,78.34,82.75,76.18,51.89,23,23.62,43.06
2022,21.25,-104.75,37.42,18.87,6.97,14.94,28.3,72.62,78.34,82.75,76.18,51.89,23,23.62,43.06
2022,21.25,-105.25,48.54,31.24,24.01,35.2,47.41,76.07,77,86.6,83.04,54.77,30.24,34.51,52.52
2022,21.25,-105.75,48.54,31.24,24.01,35.2,47.41,76.07,77,86.6,83.04,54.77,30.24,34.51,52.52
2022,21.25,-106.25,42.05,20.56,13.52,28.15,36.01,64.38,67.27,82.61,73.97,46,28.48,24.91,44.13
2022,21.25,-106.75,42.05,20.56,13.52,28.15,36.01,64.38,67.27,82.61,73.97,46,28.48,24.91,44.13
2022,21.25,-107.25,44.07,28.05,16.95,38.3,49.65,63.21,60.06,80.98,65.06,43.57,30.61,26.97,45.73
2022,21.25,-107.75,44.07,28.05,16.95,38.3,49.65,63.21,60.06,80.98,65.06,43.57,30.61,26.97,45.73
2022,21.25,-108.25,45.11,32.53,19.48,40.07,46.3,62.33,54.67,75.46,56.38,40.91,36.45,30.66,45.09
2022,21.25,-108.75,45.11,32.53,19.48,40.07,46.3,62.33,54.67,75.46,56.38,40.91,36.45,30.66,45.09
2022,21.25,-109.25,47.7,36.78,23.59,43.05,47.73,59.19,46.78,71.94,50.91,39.59,38.49,36.42,45.22
2022,21.25,-109.75,47.7,36.78,23.59,43.05,47.73,59.19,46.78,71.94,50.91,39.59,38.49,36.42,45.22
2022,21.75,-100.25,39.49,34.05,13.84,36.86,32.57,59.38,57.13,51.05,61.38,50.34,36.66,35.29,42.34
2022,21.75,-100.75,39.49,34.05,13.84,36.86,32.57,59.38,57.13,51.05,61.38,50.34,36.66,35.29,42.34
2022,21.75,-101.25,33.74,24.45,8.89,30.25,30.37,63.66,64.43,62.82,56.98,46.59,23.95,24.77,39.31
2022,21.75,-101.75,33.74,24.45,8.89,30.25,30.37,63.66,64.43,62.82,56.98,46.59,23.95,24.77,39.31
2022,21.75,-102.25,34.49,19.42,8.21,24.7,29.57,70.8,68.73,69.04,60.3,47.75,21.11,19.28,39.56
2022,21.75,-102.75,34.49,19.42,8.21,24.7,29.57,70.8,68.73,69.04,60.3,47.75,21.11,19.28,39.56
2022,21.75,-103.25,33.69,17.13,6.48,17.54,29.32,74.1,73.91,76.4,67.89,46.41,19.48,18.33,40.2
2022,21.75,-103.75,33.69,17.13,6.48,17.54,29.32,74.1,73.91,76.4,67.89,46.41,19.48,18.33,40.2
2022,21.75,-104.25,37.42,18.87,6.97,14.94,28.3,72.62,78.34,82.75,76.18,51.89,23,23.62,43.06
2022,21.75,-104.75,37.42,18.87,6.97,14.94,28.3,72.62,78.34,82.75,76.18,51.89,23,23.62,43.06
2022,21.75,-105.25,48.54,31.24,24.01,35.2,47.41,76.07,77,86.6,83.04,54.77,30.24,34.51,52.52
2022,21.75,-105.75,48.54,31.24,24.01,35.2,47.41,76.07,77,86.6,83.04,54.77,30.24,34.51,52.52
2022,21.75,-106.25,42.05,20.56,13.52,28.15,36.01,64.38,67.27,82.61,73.97,46,28.48,24.91,44.13
2022,21.75,-106.75,42.05,20.56,13.52,28.15,36.01,64.38,67.27,82.61,73.97,46,28.48,24.91,44.13
2022,21.75,-107.25,44.07,28.05,16.95,38.3,49.65,63.21,60.06,80.98,65.06,43.57,30.61,26.97,45.73
2022,21.75,-107.75,44.07,28.05,16.95,38.3,49.65,63.21,60.06,80.98,65.06,43.57,30.61,26.97,45.73
2022,21.75,-108.25,45.11,32.53,19.48,40.07,46.3,62.33,54.67,75.46,56.38,40.91,36.45,30.66,45.09
2022,21.75,-108.75,45.11,32.53,19.48,40.07,46.3,62.33,54.67,75.46,56.38,40.91,36.45,30.66,45.09
2022,21.75,-109.25,47.7,36.78,23.59,43.05,47.73,59.19,46.78,71.94,50.91,39.59,38.49,36.42,45.22
2022,21.75,-109.75,47.7,36.78,23.59,43.05,47.73,59.19,46.78,71.94,50.91,39.59,38.49,36.42,45.22
2022,22.25,-100.25,46,41.73,20.73,37.77,31.24,52.63,51.91,49.03,62.2,53.52,43.43,40.8,44.22
2022,22.25,-100.75,46,41.73,20.73,37.77,31.24,52.63,51.91,49.03,62.2,53.52,43.43,40.8,44.22
2022,22.25,-101.25,37.79,26.37,14.32,32.44,27.98,52.4,53.86,53.95,55.58,43.93,23.49,24.32,37.25
2022,22.25,-101.75,37.79,26.37,14.32,32.44,27.98,52.4,53.86,53.95,55.58,43.93,23.49,24.32,37.25
2022,22.25,-102.25,35.8,20.16,11.73,25.85,26.85,60.69,60.41,67.45,60.16,43.12,18.55,19.62,37.63
2022,22.25,-102.75,35.8,20.16,11.73,25.85,26.85,60.69,60.41,67.45,60.16,43.12,18.55,19.62,37.63
2022,22.25,-103.25,35.59,17.52,8.97,19.95,27.98,68.12,70.68,77.46,66.24,43.2,16.05,17.7,39.27
2022,22.25,-103.75,35.59,17.52,8.97,19.95,27.98,68.12,70.68,77.46,66.24,43.2,16.05,17.7,39.27
2022,22.25,-104.25,35.82,19.23,7.88,16.31,26.35,70.27,76.49,82.92,71.02,42.8,14.2,17.91,40.24
2022,22.25,-104.75,35.82,19.23,7.88,16.31,26.35,70.27,76.49,82.92,71.02,42.8,14.2,17.91,40.24
2022,22.25,-105.25,36.39,21.21,10.52,19.77,28.35,63.82,75.75,80.53,71.2,39.41,11.48,20.95,40.09
2022,22.25,-105.75,36.39,21.21,10.52,19.77,28.35,63.82,75.75,80.53,71.2,39.41,11.48,20.95,40.09
2022,22.25,-106.25,42.78,28.12,17.9,32.34,39.03,63.22,71.1,83.09,74.05,44.3,22.24,25.92,45.45
2022,22.25,-106.75,42.78,28.12,17.9,32.34,39.03,63.22,71.1,83.09,74.05,44.3,22.24,25.92,45.45
2022,22.25,-107.25,40.08,30.41,16.78,34.7,41.4,60.26,60.69,80.34,64.01,37.14,25.91,24.55,43.09
2022,22.25,-107.75,40.08,30.41,16.78,34.7,41.4,60.26,60.69,80.34,64.01,37.14,25.91,24.55,43.09
2022,22.25,-108.25,42.85,33.31,18.73,32.27,33.09,55.22,51.76,74.37,50.89,33.28,33.3,27.75,40.6
2022,22.25,-108.75,42.85,33.31,18.73,32.27,33.09,55.22,51.76,74.37,50.89,33.28,33.3,27.75,40.6
2022,22.25,-109.25,43.16,35.41,20.13,31.36,33.42,46.11,43.63,71.18,45.37,27.58,36.91,32.34,38.9
2022,22.25,-109.75,43.16,35.41,20.13,31.36,33.42,46.11,43.63,71.18,45.37,27.58,36.91,32.34,38.9
2022,22.75,-100.25,46,41.73,20.73,37.77,31.24,52.63,51.91,49.03,62.2,53.52,43.43,40.8,44.22
2022,22.75,-100.75,46,41.73,20.73,37.77,31.24,52.63,51.91,49.03,62.2,53.52,43.43,40.8,44.22
2022,22.75,-101.25,37.79,26.37,14.32,32.44,27.98,52.4,53.86,53.95,55.58,43.93,23.49,24.32,37.25
2022,22.75,-101.75,37.79,26.37,14.32,32.44,27.98,52.4,53.86,53.95,55.58,43.93,23.49,24.32,37.25
2022,22.75,-102.25,35.8,20.16,11.73,25.85,26.85,60.69,60.41,67.45,60.16,43.12,18.55,19.62,37.63
2022,22.75,-102.75,35.8,20.16,11.73,25.85,26.85,60.69,60.41,67.45,60.16,43.12,18.55,19.62,37.63
2022,22.75,-103.25,35.59,17.52,8.97,19.95,27.98,68.12,70.68,77.46,66.24,43.2,16.05,17.7,39.27
2022,22.75,-103.75,35.59,17.52,8.97,19.95,27.98,68.12,70.68,77.46,66.24,43.2,16.05,17.7,39.27
2022,22.75,-104.25,35.82,19.23,7.88,16.31,26.35,70.27,76.49,82.92,71.02,42.8,14.2,17.91,40.24
2022,22.75,-104.75,35.82,19.23,7.88,16.31,26.35,70.27,76.49,82.92,71.02,42.8,14.2,17.91,40.24
2022,22.75,-105.25,36.39,21.21,10.52,19.77,28.35,63.82,75.75,80.53,71.2,39.41,11.48,20.95,40.09
2022,22.75,-105.75,36.39,21.21,10.52,19.77,28.35,63.82,75.75,80.53,71.2,39.41,11.48,20.95,40.09
2022,22.75,-106.25,42.78,28.12,17.9,32.34,39.03,63.22,71.1,83.09,74.05,44.3,22.24,25.92,45.45
2022,22.75,-106.75,42.78,28.12,17.9,32.34,39.03,63.22,71.1,83.09,74.05,44.3,22.24,25.92,45.45
2022,22.75,-107.25,40.08,30.41,16.78,34.7,41.4,60.26,60.69,80.34,64.01,37.14,25.91,24.55,43.09
2022,22.75,-107.75,40.08,30.41,16.78,34.7,41.4,60.26,60.69,80.34,64.01,37.14,25.91,24.55,43.09
2022,22.75,-108.25,42.85,33.31,18.73,32.27,33.09,55.22,51.76,74.37,50.89,33.28,33.3,27.75,40.6
2022,22.75,-108.75,42.85,33.31,18.73,32.27,33.09,55.22,51.76,74.37,50.89,33.28,33.3,27.75,40.6
2022,22.75,-109.25,43.16,35.41,20.13,31.36,33.42,46.11,43.63,71.18,45.37,27.58,36.91,32.34,38.9
2022,22.75,-109.75,43.16,35.41,20.13,31.36,33.42,46.11,43.63,71.18,45.37,27.58,36.91,32.34,38.9
2022,23.25,-100.25,41.99,38.26,18.14,40.27,30.88,45.07,52.24,53.7,60.41,49.39,35.95,31.39,41.46
2022,23.25,-100.75,41.99,38.26,18.14,40.27,30.88,45.07,52.24,53.7,60.41,49.39,35.95,31.39,41.46
2022,23.25,-101.25,36.29,27.84,17.12,34.61,26.5,42.99,50.97,56.46,55.45,41.86,20.8,20.56,35.99
2022,23.25,-101.75,36.29,27.84,17.12,34.61,26.5,42.99,50.97,56.46,55.45,41.86,20.8,20.56,35.99
2022,23.25,-102.25,39.31,24.04,16.23,30.29,25.55,50.02,54.43,66.92,58.2,41.32,18.64,23.38,37.45
2022,23.25,-102.75,39.31,24.04,16.23,30.29,25.55,50.02,54.43,66.92,58.2,41.32,18.64,23.38,37.45
2022,23.25,-103.25,33.91,21.58,11.81,24.45,25.55,57.27,62.03,73.64,58.72,38.04,15.57,19.74,36.96
2022,23.25,-103.75,33.91,21.58,11.81,24.45,25.55,57.27,62.03,73.64,58.72,38.04,15.57,19.74,36.96
2022,23.25,-104.25,33.6,19.72,8.27,18.59,25.63,68.1,74.17,82.39,64.63,35.9,13.27,16.81,38.55
2022,23.25,-104.75,33.6,19.72,8.27,18.59,25.63,68.1,74.17,82.39,64.63,35.9,13.27,16.81,38.55
2022,23.25,-105.25,36.61,26.77,11.87,18.12,24.11,71.65,78.4,87.76,69.26,34.84,13.5,19.73,41.15
2022,23.25,-105.75,36.61,26.77,11.87,18.12,24.11,71.65,78.4,87.76,69.26,34.84,13.5,19.73,41.15
2022,23.25,-106.25,34.85,28.29,13.16,23.7,23.02,60.77,73.03,81.55,63.16,27.7,12.38,20.09,38.54
2022,23.25,-106.75,34.85,28.29,13.16,23.7,23.02,60.77,73.03,81.55,63.16,27.7,12.38,20.09,38.54
2022,23.25,-107.25,40.41,34.61,19.2,33.38,32.51,55.05,66.66,81.13,59.67,29.48,22.51,23.5,41.55
2022,23.25,-107.75,40.41,34.61,19.2,33.38,32.51,55.05,66.66,81.13,59.67,29.48,22.51,23.5,41.55
2022,23.25,-108.25,43.58,35.07,18.39,29.08,24.77,45.64,55.18,74.7,52.61,29.84,30.81,28.09,39.01
2022,23.25,-108.75,43.58,35.07,18.39,29.08,24.77,45.64,55.18,74.7,52.61,29.84,30.81,28.09,39.01
2022,23.25,-109.25,40.27,28.43,14.96,21.89,17.23,30.12,37.34,67.85,44.43,20.79,29.17,27.25,31.67
2022,23.25,-109.75,40.27,28.43,14.96,21.89,17.23,30.12,37.34,67.85,44.43,20.79,29.17,27.25,31.67
2022,23.75,-100.25,41.99,38.26,18.14,40.27,30.88,45.07,52.24,53.7,60.41,49.39,35.95,31.39,41.46
2022,23.75,-100.75,41.99,38.26,18.14,40.27,30.88,45.07,52.24,53.7,60.41,49.39,35.95,31.39,41.46
2022,23.75,-101.25,36.29,27.84,17.12,34.61,26.5,42.99,50.97,56.46,55.45,41.86,20.8,20.56,35.99
2022,23.75,-101.75,36.29,27.84,17.12,34.61,26.5,42.99,50.97,56.46,55.45,41.86,20.8,20.56,35.99
2022,23.75,-102.25,39.31,24.04,16.23,30.29,25.55,50.02,54.43,66.92,58.2,41.32,18.64,23.38,37.45
2022,23.75,-102.75,39.31,24.04,16.23,30.29,25.55,50.02,54.43,66.92,58.2,41.32,18.64,23.38,37.45
2022,23.75,-103.25,33.91,21.58,11.81,24.45,25.55,57.27,62.03,73.64,58.72,38.04,15.57,19.74,36.96
2022,23.75,-103.75,33.91,21.58,11.81,24.45,25.55,57.27,62.03,73.64,58.72,38.04,15.57,19.74,36.96
2022,23.75,-104.25,33.6,19.72,8.27,18.59,25.63,68.1,74.17,82.39,64.63,35.9,13.27,16.81,38.55
2022,23.75,-104.75,33.6,19.72,8.27,18.59,25.63,68.1,74.17,82.39,64.63,35.9,13.27,16.81,38.55
2022,23.75,-105.25,36.61,26.77,11.87,18.12,24.11,71.65,78.4,87.76,69.26,34.84,13.5,19.73,41.15
2022,23.75,-105.75,36.61,26.77,11.87,18.12,24.11,71.65,78.4,87.76,69.26,34.84,13.5,19.73,41.15
2022,23.75,-106.25,34.85,28.29,13.16,23.7,23.02,60.77,73.03,81.55,63.16,27.7,12.38,20.09,38.54
2022,23.75,-106.75,34.85,28.29,13.16,23.7,23.02,60.77,73.03,81.55,63.16,27.7,12.38,20.09,38.54
2022,23.75,-107.25,40.41,34.61,19.2,33.38,32.51,55.05,66.66,81.13,59.67,29.48,22.51,23.5,41.55
2022,23.75,-107.75,40.41,34.61,19.2,33.38,32.51,55.05,66.66,81.13,59.67,29.48,22.51,23.5,41.55
2022,23.75,-108.25,43.58,35.07,18.39,29.08,24.77,45.64,55.18,74.7,52.61,29.84,30.81,28.09,39.01
2022,23.75,-108.75,43.58,35.07,18.39,29.08,24.77,45.64,55.18,74.7,52.61,29.84,30.81,28.09,39.01
2022,23.75,-109.25,40.27,28.43,14.96,21.89,17.23,30.12,37.34,67.85,44.43,20.79,29.17,27.25,31.67
2022,23.75,-109.75,40.27,28.43,14.96,21.89,17.23,30.12,37.34,67.85,44.43,20.79,29.17,27.25,31.67
2022,24.25,-100.25,42.94,33.25,19.9,39.3,28.21,36.87,44.91,55.25,50.29,43.82,36.84,28.87,38.38
2022,24.25,-100.75,42.94,33.25,19.9,39.3,28.21,36.87,44.91,55.25,50.29,43.82,36.84,28.87,38.38
2022,24.25,-101.25,35.25,27.41,16.93,33.11,24.97,40.47,49.21,61.06,54.52,38.68,21.53,21.19,35.41
2022,24.25,-101.75,35.25,27.41,16.93,33.11,24.97,40.47,49.21,61.06,54.52,38.68,21.53,21.19,35.41
2022,24.25,-102.25,34.76,25.52,16.31,30.58,21.95,45.92,52.32,65.32,50.69,34.82,16.53,22.89,34.87
2022,24.25,-102.75,34.76,25.52,16.31,30.58,21.95,45.92,52.32,65.32,50.69,34.82,16.53,22.89,34.87
2022,24.25,-103.25,35.82,26.74,13.88,27.02,23.16,46.44,56.57,68.89,48.85,34.04,17.69,22.74,35.23
2022,24.25,-103.75,35.82,26.74,13.88,27.02,23.16,46.44,56.57,68.89,48.85,34.04,17.69,22.74,35.23
2022,24.25,-104.25,36.86,22.86,11.88,24.06,24.22,57.43,66.7,75.2,54.25,35.13,18.09,19.69,37.3
2022,24.25,-104.75,36.86,22.86,11.88,24.06,24.22,57.43,66.7,75.2,54.25,35.13,18.09,19.69,37.3
2022,24.25,-105.25,37.12,24.04,10.91,20.88,23.85,67.16,73.38,84.3,62.06,32.54,13.69,19.23,39.2
2022,24.25,-105.75,37.12,24.04,10.91,20.88,23.85,67.16,73.38,84.3,62.06,32.54,13.69,19.23,39.2
2022,24.25,-106.25,39.16,33.06,14.39,23.02,20.74,65.8,76.06,86.44,63.06,27.69,13.86,22.07,40.49
2022,24.25,-106.75,39.16,33.06,14.39,23.02,20.74,65.8,76.06,86.44,63.06,27.69,13.86,22.07,40.49
2022,24.25,-107.25,34.49,26.43,15.09,26.2,22.31,54,70.55,80.79,61.59,25.08,14.25,22.42,37.84
2022,24.25,-107.75,34.49,26.43,15.09,26.2,22.31,54,70.55,80.79,61.59,25.08,14.25,22.42,37.84
2022,24.25,-108.25,43.69,31.24,24.02,31.33,26.66,47.7,62.12,77.73,56.06,29.94,30.62,29.54,40.96
2022,24.25,-108.75,43.69,31.24,24.02,31.33,26.66,47.7,62.12,77.73,56.06,29.94,30.62,29.54,40.96
2022,24.25,-109.25,42.56,31.68,21.14,26.24,19.8,36.32,50.54,74.26,49.36,22.12,34.36,31.97,36.73
2022,24.25,-109.75,42.56,31.68,21.14,26.24,19.8,36.32,50.54,74.26,49.36,22.12,34.36,31.97,36.73
2022,24.75,-100.25,42.94,33.25,19.9,39.3,28.21,36.87,44.91,55.25,50.29,43.82,36.84,28.87,38.38
2022,24.75,-100.75,42.94,33.25,19.9,39.3,28.21,36.87,44.91,55.25,50.29,43.82,36.84,28.87,38.38
2022,24.75,-101.25,35.25,27.41,16.93,33.11,24.97,40.47,49.21,61.06,54.52,38.68,21.53,21.19,35.41
2022,24.75,-101.75,35.25,27.41,16.93,33.11,24.97,40.47,49.21,61.06,54.52,38.68,21.53,21.19,35.41
2022,24.75,-102.25,34.76,25.52,16.31,30.58,21.95,45.92,52.32,65.32,50.69,34.82,16.53,22.89,34.87
2022,24.75,-102.75,34.76,25.52,16.31,30.58,21.95,45.92,52.32,65.32,50.69,34.82,16.53,22.89,34.87
2022,24.75,-103.25,35.82,26.74,13.88,27.02,23.16,46.44,56.57,68.89,48.85,34.04,17.69,22.74,35.23
2022,24.75,-103.75,35.82,26.74,13.88,27.02,23.16,46.44,56.57,68.89,48.85,34.04,17.69,22.74,35.23
2022,24.75,-104.25,36.86,22.86,11.88,24.06,24.22,57.43,66.7,75.2,54.25,35.13,18.09,19.69,37.3
2022,24.75,-104.75,36.86,22.86,11.88,24.06,24.22,57.43,66.7,75.2,54.25,35.13,18.09,19.69,37.3
2022,24.75,-105.25,37.12,24.04,10.91,20.88,23.85,67.16,73.38,84.3,62.06,32.54,13.69,19.23,39.2
2022,24.75,-105.75,37.12,24.04,10.91,20.88,23.85,67.16,73.38,84.3,62.06,32.54,13.69,19.23,39.2
2022,24.75,-106.25,39.16,33.06,14.39,23.02,20.74,65.8,76.06,86.44,63.06,27.69,13.86,22.07,40.49
2022,24.75,-106.75,39.16,33.06,14.39,23.02,20.74,65.8,76.06,86.44,63.06,27.69,13.86,22.07,40.49
2022,24.75,-107.25,34.49,26.43,15.09,26.2,22.31,54,70.55,80.79,61.59,25.08,14.25,22.42,37.84
2022,24.75,-107.75,34.49,26.43,15.09,26.2,22.31,54,70.55,80.79,61.59,25.08,14.25,22.42,37.84
2022,24.75,-108.25,43.69,31.24,24.02,31.33,26.66,47.7,62.12,77.73,56.06,29.94,30.62,29.54,40.96
2022,24.75,-108.75,43.69,31.24,24.02,31.33,26.66,47.7,62.12,77.73,56.06,29.94,30.62,29.54,40.96
2022,24.75,-109.25,42.56,31.68,21.14,26.24,19.8,36.32,50.54,74.26,49.36,22.12,34.36,31.97,36.73
2022,24.75,-109.75,42.56,31.68,21.14,26.24,19.8,36.32,50.54,74.26,49.36,22.12,34.36,31.97,36.73
